{"C101R6": [0.0, 0.001695599999999999, 0.027148799999999744, 0.1116107999999962, 0.2201603999999793], "C203R0": [0.0, 0.00047159999999999997, 0.009333599999999947, 0.04483680000000149, 0.1057631999999971], "C13R1": [0.0, 0.0, 0.0002556000000000001, 0.0039024000000000103, 0.013333199999999906], "C202R0": [0.0, 0.0004632, 0.008605199999999955, 0.049083600000002045, 0.10861319999999662], "C22R2": [0.0, 7.92e-05, 0.0008712000000000006, 0.00812639999999996, 0.02819879999999973], "C406R6": [0.0, 0.0, 7.200000000000002e-05, 0.0027264000000000034, 0.009509999999999946], "C105R6": [0.0, 0.0012792, 0.027315599999999746, 0.10606679999999706, 0.21418319999998026], "C3R1": [0.0, 0.0, 0.0002400000000000001, 0.004054800000000008, 0.015733199999999878], "C10R3": [0.0, 6.36e-05, 0.0009912000000000007, 0.00907079999999995, 0.030902399999999698], "C207R6": [0.0, 0.00025560000000000003, 0.008156399999999963, 0.0418284000000011, 0.09880439999999817], "C13R3": [0.0, 0.0, 0.0009360000000000007, 0.009477599999999947, 0.03073799999999971], "C19R4": [0.0, 3.96e-05, 0.000504, 0.007999199999999962, 0.025598399999999757], "C11R4": [0.0, 0.0, 0.0006636000000000003, 0.0072371999999999714, 0.023861999999999776], "C105R0": [2.4000000000000004e-05, 0.0015755999999999993, 0.02552639999999976, 0.10706639999999688, 0.20926679999998093], "C9R2": [0.0, 2.4000000000000004e-05, 0.0007596000000000004, 0.00729479999999997, 0.025077599999999763], "C309R6": [0.0, 0.0, 0.0015431999999999996, 0.010581599999999934, 0.032021999999999794], "C307R0": [0.0, 0.0, 0.0012552, 0.011606399999999923, 0.03230999999999983], "C12R4": [0.0, 0.0, 0.00045599999999999997, 0.006830399999999975, 0.025622399999999757], "C314R0": [0.0, 4.800000000000001e-05, 0.0015023999999999994, 0.012845999999999906, 0.03754080000000052], "C310R6": [0.0, 0.0001116, 0.001224, 0.010389599999999938, 0.033107999999999936], "C8R3": [0.0, 0.0, 0.0009036000000000006, 0.010093199999999941, 0.030958799999999696], "C305R0": [0.0, 4.800000000000001e-05, 0.0013991999999999997, 0.011815199999999918, 0.035500800000000256], "C201R0": [0.0, 0.00028800000000000006, 0.00820679999999996, 0.05005920000000218, 0.11297999999999597], "C4R5": [0.0, 0.0, 0.000384, 0.003975600000000009, 0.015758399999999874], "C102R6": [0.0, 0.001646399999999999, 0.026011199999999762, 0.10767479999999677, 0.20810519999998117], "C7R5": [0.0, 0.0, 0.0, 0.0003, 0.0], "C19R2": [0.0, 0.0, 0.0007116000000000004, 0.007437599999999969, 0.02632439999999975], "C413R0": [0.0, 0.0, 0.00012000000000000002, 0.002038799999999999, 0.00818159999999996], "C206R6": [0.0, 0.00021600000000000007, 0.00727799999999997, 0.04137960000000103, 0.09849959999999822], "C412R6": [0.0, 2.4000000000000004e-05, 0.00016800000000000004, 0.0018311999999999983, 0.009031199999999951], "C3R2": [0.0, 0.0, 0.0008544000000000004, 0.009463199999999946, 0.02874719999999973], "C23R3": [0.0, 4.800000000000001e-05, 0.0015023999999999999, 0.017294399999999852, 0.040509600000000916], "C1R5": [0.0, 0.0, 0.00035160000000000004, 0.0034308000000000073, 0.015605999999999877], "C207R0": [0.0, 0.00047159999999999997, 0.008045999999999963, 0.04224360000000116, 0.09938639999999806], "C22R4": [0.0, 0.0, 0.0007752000000000004, 0.00819839999999996, 0.02724719999999974], "C16R1": [0.0, 0.0, 0.0002784, 0.0032316000000000055, 0.012965999999999906], "C18R2": [0.0, 0.0, 0.0007596000000000004, 0.007093199999999972, 0.026077199999999755], "C103R0": [0.0, 0.0014315999999999997, 0.023860799999999783, 0.10397759999999737, 0.20653799999998135], "C16R3": [0.0, 2.4000000000000004e-05, 0.0009756000000000007, 0.009796799999999944, 0.029143199999999717], "C15R1": [0.0, 0.0, 9.600000000000002e-05, 0.003151200000000006, 0.012958799999999904], "C208R6": [0.0, 0.0002400000000000001, 0.007543199999999966, 0.04269240000000118, 0.1039223999999974], "C24R1": [0.0, 0.0, 0.0002640000000000001, 0.004039200000000008, 0.016286399999999868], "C210R6": [0.0, 0.00045599999999999997, 0.00823799999999996, 0.04853280000000197, 0.10789799999999672], "C5R2": [3.96e-05, 0.0, 0.0007992000000000005, 0.008907599999999953, 0.028582799999999724], "C14R5": [0.0, 0.0, 0.0002796, 0.0031680000000000054, 0.012879599999999906], "C303R0": [0.0, 2.4000000000000004e-05, 0.001759199999999999, 0.012127199999999914, 0.03993120000000083], "C23R2": [0.0, 0.0, 0.0007596000000000005, 0.009029999999999951, 0.028918799999999717], "C9R4": [0.0, 0.0, 0.0, 0.0, 0.0], "C208R0": [0.0, 0.0002640000000000001, 0.007855199999999965, 0.043020000000001245, 0.1005227999999979], "C102R0": [2.4000000000000004e-05, 0.0015347999999999994, 0.02487719999999977, 0.11306519999999597, 0.21321599999998034], "C101R0": [0.0, 0.00015, 0.0, 0.0003, 0.00015], "C16R4": [0.0, 2.4000000000000004e-05, 0.0005112, 0.006943199999999974, 0.023501999999999783], "C309R0": [0.0, 2.4000000000000004e-05, 0.0012959999999999998, 0.012068399999999918, 0.03245999999999986], "C11R1": [0.0, 0.0, 0.00022320000000000003, 0.0028224000000000044, 0.012933599999999908], "C315R6": [0.0, 0.0, 0.0013104000000000002, 0.012101999999999913, 0.038365200000000634], "C21R3": [0.0, 0.0, 0.0013271999999999997, 0.010509599999999935, 0.0335988], "C21R4": [0.0, 0.00015, 0.00015, 0.0, 0.0007499999999999999], "C9R1": [0.0, 0.0, 7.200000000000002e-05, 0.003183600000000005, 0.013862399999999895], "C209R6": [0.0, 0.00028800000000000006, 0.00824519999999996, 0.04530840000000155, 0.10646999999999697], "C15R2": [0.0, 6.36e-05, 0.0006312000000000002, 0.008030399999999962, 0.024589199999999773], "C104R0": [0.0, 0.00015, 0.0, 0.0006, 0.0006], "C307R6": [0.0, 0.0, 0.00015, 0.0, 0.0], "C202R6": [0.0, 0.0, 0.00045, 0.0003, 0.00015], "C24R2": [0.0, 0.0, 0.0003, 0.0003, 0.00015], "C2R3": [0.0, 0.0, 0.0013188, 0.012797999999999908, 0.0366216000000004], "C17R1": [0.0, 0.0, 0.00014400000000000003, 0.0037428000000000092, 0.013853999999999896], "C20R5": [0.0, 0.0, 0.00018360000000000004, 0.003288000000000006, 0.013277999999999903], "C14R4": [0.0, 2.4000000000000004e-05, 0.0005760000000000001, 0.007052399999999973, 0.023846399999999778], "C103R6": [0.0, 0.0, 0.00045, 0.0006, 0.00045], "C8R5": [0.0, 0.0, 0.0002400000000000001, 0.003414000000000007, 0.013965599999999896], "C203R6": [0.0, 0.0002796000000000001, 0.008012399999999965, 0.044773200000001484, 0.10717799999999687], "C419R0": [0.0, 0.0, 0.00012000000000000002, 0.002846400000000003, 0.00991919999999994], "C7R1": [0.0, 0.0, 0.00023160000000000007, 0.003854400000000009, 0.014662799999999882], "C417R0": [0.0, 0.0, 0.0003, 0.00015, 0.00015], "C13R2": [0.0, 2.4000000000000004e-05, 0.0006072000000000001, 0.006694799999999977, 0.025181999999999764], "C4R1": [0.0, 2.4000000000000004e-05, 0.0005112, 0.004287600000000005, 0.015038399999999882], "C209R0": [0.0, 0.0, 0.0, 0.0003, 0.0], "C6R3": [0.0, 3.96e-05, 0.0009276000000000008, 0.011246399999999927, 0.03348599999999998], "C10R2": [0.0, 0.0, 0.0006876000000000003, 0.006607199999999978, 0.022262399999999797], "C16R5": [0.0, 0.0, 0.00022320000000000006, 0.003454800000000007, 0.012981599999999906], "C19R3": [0.0, 0.0, 0.0009996000000000007, 0.009677999999999944, 0.032194799999999815], "C7R4": [0.0, 0.0, 0.0006312000000000001, 0.007924799999999965, 0.025311599999999757], "C23R1": [0.0, 0.0, 0.00032760000000000005, 0.004438800000000002, 0.016533599999999864], "C24R5": [0.0, 0.0, 0.00023160000000000005, 0.0038460000000000087, 0.015742799999999873], "C204R6": [0.0, 0.00018360000000000004, 0.008359199999999957, 0.04374000000000135, 0.10252439999999759], "C14R3": [0.0, 2.4000000000000004e-05, 0.0009756000000000008, 0.008486399999999958, 0.030302399999999702], "C1R4": [0.0, 0.00015, 0.0, 0.00015, 0.0], "C302R6": [0.0, 7.200000000000002e-05, 0.0012876, 0.012470399999999911, 0.04129440000000102], "C24R3": [0.0, 0.0, 0.0018875999999999984, 0.022397999999999797, 0.044934000000001494], "C23R4": [0.0, 0.0, 0.0006876000000000003, 0.00974159999999994, 0.028622399999999725], "C8R2": [0.0, 0.0, 0.0, 0.00015, 0.0],