{"C209R6": [0.00016632, 0.0013807200000000006, 0.005300399999999999, 0.012336719999999936, 0.021413759999999813], "C14R1": [0.0, 0.00045, 0.0008999999999999999, 0.0007499999999999999, 0.00015], "C21R3": [0.0, 0.0008637599999999999, 0.003953280000000002, 0.0061372799999999915, 0.008829839999999964], "C414R6": [0.0, 0.00015, 0.0029999999999999996, 0.0026999999999999997, 0.00045], "C8R3": [0.0, 0.0002772, 0.0012156000000000003, 0.0031183200000000025, 0.006827039999999976], "C208R6": [0.00026136000000000003, 0.00042167999999999996, 0.0039878400000000055, 0.010896959999999942, 0.021994319999999814], "C18R3": [7.128000000000001e-05, 0.00032544000000000003, 0.0010802400000000005, 0.0035568000000000045, 0.006446159999999981], "C210R6": [0.00013488, 0.0013732800000000002, 0.007665359999999984, 0.014848559999999907, 0.022548479999999826], "C206R6": [0.00014256000000000002, 0.0004848000000000001, 0.003470400000000007, 0.01093343999999994, 0.02161775999999981], "C24R5": [0.0, 0.00049896, 0.006293039999999997, 0.010176239999999993, 0.008904239999999976], "C308R6": [0.0, 0.00023016, 0.0010017600000000002, 0.002921520000000003, 0.008476079999999959], "C12R4": [0.0, 0.00015864, 0.00093792, 0.0021645600000000003, 0.005142479999999995], "C304R6": [0.00015048, 0.0005711999999999999, 0.0024619200000000024, 0.004229760000000006, 0.008196959999999965], "C205R0": [0.0, 0.0006432, 0.0037831200000000053, 0.010549199999999941, 0.02076935999999982], "C101R0": [0.0019499999999999997, 0.01185000000000002, 0.01365000000000003, 0.01695000000000005, 0.03645000000000004], "C16R5": [0.0, 0.00011088000000000001, 0.0005469600000000001, 0.0014176800000000004, 0.0033780000000000047], "C3R4": [0.0, 0.0016646400000000015, 0.0068085599999999965, 0.010433759999999985, 0.009145199999999973], "C311R6": [3.168e-05, 0.00031727999999999997, 0.0014227200000000006, 0.0036609600000000056, 0.007518959999999972], "C409R0": [0.0, 0.0, 0.00057048, 0.0013759200000000005, 0.002388480000000002], "C413R0": [0.0, 0.0, 0.0007452, 0.0014635200000000003, 0.002109119999999999], "C8R2": [0.0003, 0.0017999999999999997, 0.0049499999999999995, 0.0026999999999999997, 0.00015], "C105R0": [0.00010296, 0.0019322400000000009, 0.009341759999999961, 0.025066319999999802, 0.04252512000000111], "C303R0": [0.0, 0.000618, 0.0037370400000000035, 0.006001679999999994, 0.008878559999999962], "C12R1": [0.0, 3.96e-05, 0.00065832, 0.0009650400000000002, 0.003133200000000005], "C309R6": [7.128000000000001e-05, 0.00032544, 0.00097944, 0.004209840000000005, 0.007651679999999969], "C104R6": [0.0002064, 0.0017323200000000007, 0.009143519999999957, 0.02459663999999979, 0.043128480000001225], "C203R6": [0.00013488, 0.0008563199999999998, 0.005819519999999991, 0.011387039999999944, 0.02167439999999982], "C22R4": [0.0, 0.0012283200000000004, 0.00456048, 0.006409199999999992, 0.006875999999999981], "C315R0": [3.168e-05, 0.0008315999999999997, 0.00438696, 0.007540079999999987, 0.01106735999999995], "C5R2": [0.0, 0.00052296, 0.0032448000000000012, 0.005058239999999997, 0.006801359999999981], "C201R6": [0.00016632, 0.0016111200000000013, 0.006573359999999992, 0.014603759999999941, 0.023236079999999812], "C12R5": [0.0, 3.96e-05, 0.00041256, 0.00111648, 0.002548080000000002], "C19R3": [0.0, 0.00043583999999999995, 0.001381440000000001, 0.003976080000000007, 0.007991039999999967], "C19R4": [0.0, 0.00036455999999999994, 0.0015237600000000012, 0.0027549600000000016, 0.0065030399999999825], "C23R3": [3.96e-05, 0.002171280000000002, 0.008808479999999992, 0.010621919999999984, 0.010331519999999955], "C11R4": [0.0, 6.36e-05, 0.0004687200000000001, 0.0020037599999999994, 0.006260159999999982], "C24R2": [0.00045, 0.010650000000000014, 0.03345000000000009, 0.01740000000000005, 0.0038999999999999994], "C202R0": [7.128000000000001e-05, 0.0021732000000000014, 0.00663551999999999, 0.013958879999999936, 0.024210959999999806], "C204R6": [9.528000000000001e-05, 0.0009132000000000002, 0.004017840000000005, 0.011624879999999936, 0.02135279999999981], "C102R6": [0.00020616, 0.0024400800000000003, 0.009738479999999957, 0.0254747999999998, 0.04501368000000146], "C4R1": [3.168e-05, 0.00047519999999999995, 0.0025365600000000015, 0.00446496, 0.005668799999999993], "C305R6": [0.0, 0.0006813599999999998, 0.001652400000000001, 0.004103280000000003, 0.007935119999999967], "C402R6": [0.0, 0.00038016, 0.003272640000000001, 0.006574799999999996, 0.006521759999999989], "C210R0": [0.00010296, 0.002349360000000001, 0.006762479999999989, 0.014143919999999926, 0.0231472799999998], "C103R6": [0.0013499999999999999, 0.006449999999999999, 0.009300000000000006, 0.0048, 0.017850000000000053], "C22R5": [0.0, 0.00049944, 0.0028135200000000016, 0.00433704, 0.00492552], "C11R1": [0.0, 0.00011088000000000001, 0.00036552, 0.0014772, 0.0033715200000000055], "C202R6": [0.0007499999999999999, 0.012450000000000024, 0.016650000000000047, 0.007499999999999999, 0.005849999999999999], "C14R2": [0.0, 3.96e-05, 0.00042264, 0.0024252000000000015, 0.006026879999999988], "C4R3": [3.168e-05, 0.0009907199999999998, 0.005123279999999998, 0.008108399999999984, 0.00909311999999996], "C6R5": [0.0, 0.00016656, 0.0010874400000000003, 0.0025629600000000017, 0.00373584000000001], "C313R6": [3.96e-05, 0.0006264, 0.0023119200000000007, 0.0052874399999999966, 0.00745607999999997], "C314R0": [7.92e-05, 0.0006972, 0.003422400000000001, 0.005644799999999999, 0.00871487999999996], "C21R4": [0.0007499999999999999, 0.005699999999999999, 0.012900000000000026, 0.00825, 0.0025499999999999997], "C24R3": [3.168e-05, 0.0017824800000000016, 0.006374639999999997, 0.010248719999999975, 0.010868399999999952], "C7R3": [0.0, 6.36e-05, 0.002086560000000001, 0.00487176, 0.007896239999999971], "C208R0": [3.168e-05, 0.0008812799999999999, 0.004761360000000002, 0.011015999999999946, 0.021609119999999815], "C15R5": [0.0, 0.00045, 0.0016499999999999998, 0.0019499999999999997, 0.00015], "C9R3": [0.0, 0.00034104, 0.0012964800000000005, 0.0041740800000000045, 0.006817679999999978], "C15R1": [0.0, 6.36e-05, 0.00068208, 0.0013454400000000003, 0.0034927200000000056], "C104R0": [0.0016499999999999998, 0.006599999999999999, 0.0048, 0.0050999999999999995, 0.015900000000000043], "C15R2": [0.0, 0.00014256000000000002, 0.0005316, 0.00242784, 0.006164879999999983], "C16R4": [0.0, 0.0001188, 0.00087408, 0.00202656, 0.0060827999999999854], "C4R2": [0.0003, 0.006299999999999999, 0.019950000000000065, 0.009150000000000005, 0.0006], "C301R0": [0.00045, 0.009300000000000006, 0.02430000000000009, 0.01905000000000006, 0.005399999999999999], "C3R2": [3.96e-05, 0.0013862400000000008, 0.006305519999999997, 0.009480719999999986, 0.009049439999999971], "C1R5": [0.0, 0.00058632, 0.005516159999999998, 0.007379999999999991, 0.006535679999999988], "C103R0": [0.00015072000000000002, 0.0017104800000000012, 0.009242639999999962, 0.02343815999999981, 0.042222000000001085], "C3R3": [7.128000000000001e-05, 0.002051760000000002, 0.007962239999999994, 0.011310239999999978, 0.009728159999999951], "C23R2": [0.0, 0.0011728800000000003, 0.007127999999999992, 0.009678719999999984, 0.009848879999999963], "C1R1": [3.96e-05, 0.00049128, 0.00519192, 0.008363039999999992, 0.006688559999999986], "C2R5": [7.92e-05, 0.0006974399999999999, 0.006948959999999997, 0.00979848, 0.007315439999999986], "C401R0": [0.0, 0.00036431999999999995, 0.003137280000000001, 0.007550879999999993, 0.005827919999999993], "C301R6": [0.0, 0.0011810400000000002, 0.005244719999999998, 0.010107839999999986, 0.011063759999999957], "C24R1": [0.0, 0.00077688, 0.005659439999999997, 0.010319280000000004, 0.006909119999999984], "C23R1": [3.168e-05, 0.00048312, 0.0036088800000000005, 0.0072777599999999925, 0.007820639999999985], "C2R1": [0.00015, 0.007649999999999999, 0.030450000000000123, 0.022200000000000077, 0.0035999999999999995], "C13R5": [0.0, 3.96e-05, 0.00025416, 0.0014112, 0.0035078400000000064], "C309R0": [0.0, 0.00022176, 0.0008685600000000001, 0.003193200000000005, 0.007346879999999973],