{"C209R6": [0.0, 0.00019200000000000006, 0.0017519999999999986, 0.009327599999999946, 0.02028719999999982], "C14R1": [0.0, 0.0, 0.0, 0.0, 0.0], "C21R3": [0.0, 2.4000000000000004e-05, 0.00030360000000000006, 0.002616000000000002, 0.00653519999999998], "C414R6": [0.0, 0.0, 0.0, 0.0, 0.0], "C8R3": [0.0, 0.0, 0.00031920000000000006, 0.0022872, 0.00650279999999998], "C208R6": [0.0, 9.600000000000002e-05, 0.0020639999999999986, 0.008559599999999955, 0.02035799999999982], "C18R3": [0.0, 0.0, 0.00028800000000000006, 0.0023592000000000005, 0.006039599999999985], "C210R6": [0.0, 0.00016800000000000004, 0.0018395999999999985, 0.008967599999999952, 0.020503199999999815], "C206R6": [0.0, 0.00015960000000000003, 0.0024072000000000004, 0.008775599999999953, 0.02118359999999981], "C24R5": [0.0, 0.0, 2.4000000000000004e-05, 0.0008556000000000005, 0.003072000000000005], "C308R6": [0.0, 2.4000000000000004e-05, 0.00014400000000000003, 0.0023676000000000005, 0.006863999999999975], "C12R4": [0.0, 0.0, 0.00020760000000000006, 0.0014315999999999995, 0.005519999999999991], "C304R6": [0.0, 0.0, 0.00021600000000000007, 0.002616000000000002, 0.006783599999999976], "C205R0": [0.0, 9.600000000000002e-05, 0.0019667999999999986, 0.008926799999999952, 0.020991599999999812], "C101R0": [0.0, 0.0, 0.0, 0.00015, 0.00015], "C16R5": [0.0, 0.0, 2.4000000000000004e-05, 0.0007440000000000004, 0.002424000000000001], "C3R4": [0.0, 0.0, 7.200000000000002e-05, 0.0017279999999999986, 0.004823999999999999], "C311R6": [0.0, 2.4000000000000004e-05, 0.0002400000000000001, 0.002542800000000002, 0.006895199999999975], "C409R0": [0.0, 0.0, 7.200000000000002e-05, 0.000528, 0.0019595999999999984], "C413R0": [0.0, 0.0, 4.800000000000001e-05, 0.000432, 0.0018479999999999983], "C8R2": [0.0, 0.0, 0.0, 0.0, 0.0], "C105R0": [0.0, 0.000432, 0.005446799999999991, 0.022174799999999797, 0.04137360000000104], "C303R0": [0.0, 0.0, 0.00031200000000000005, 0.0023196000000000002, 0.007174799999999971], "C12R1": [0.0, 0.0, 2.4000000000000004e-05, 0.0006720000000000003, 0.002784000000000003], "C309R6": [0.0, 0.0, 0.000408, 0.002431200000000001, 0.007799999999999964], "C104R6": [0.0, 0.00033600000000000004, 0.0055115999999999915, 0.020391599999999815, 0.04252680000000119], "C203R6": [0.0, 7.200000000000002e-05, 0.0018239999999999984, 0.008878799999999954, 0.020239199999999822], "C22R4": [0.0, 0.0, 7.200000000000002e-05, 0.0017039999999999987, 0.004680000000000001], "C315R0": [0.0, 0.0, 0.00031200000000000005, 0.0024636000000000016, 0.007151999999999972], "C5R2": [0.0, 0.0, 0.00016800000000000004, 0.0017039999999999987, 0.00563159999999999], "C201R6": [0.0, 4.800000000000001e-05, 0.0014639999999999994, 0.007783199999999965, 0.019894799999999824], "C12R5": [0.0, 0.0, 6.36e-05, 0.0007116000000000004, 0.002640000000000002], "C19R3": [0.0, 0.0, 0.0002400000000000001, 0.0022559999999999998, 0.00636719999999998], "C19R4": [0.0, 0.0, 9.600000000000002e-05, 0.0018071999999999988, 0.005199599999999995], "C23R3": [0.0, 0.0, 0.00021600000000000007, 0.001951199999999998, 0.006087599999999985], "C11R4": [0.0, 3.96e-05, 0.00016800000000000004, 0.001607999999999999, 0.005191199999999996], "C24R2": [0.0, 0.0, 0.0, 0.0, 0.0], "C202R0": [0.0, 2.4000000000000004e-05, 0.0019031999999999986, 0.009111599999999949, 0.020743199999999812], "C204R6": [0.0, 2.4000000000000004e-05, 0.0016559999999999988, 0.008775599999999955, 0.020487599999999818], "C102R6": [0.0, 0.00045599999999999997, 0.005926799999999986, 0.021069599999999813, 0.039878400000000834], "C4R1": [0.0, 0.0, 4.800000000000001e-05, 0.0009276000000000008, 0.002894400000000003], "C305R6": [0.0, 2.4000000000000004e-05, 0.00033600000000000004, 0.0022559999999999998, 0.00727919999999997], "C402R6": [0.0, 0.0, 4.800000000000001e-05, 0.000528, 0.001991999999999998], "C210R0": [0.0, 0.00011160000000000002, 0.001919999999999998, 0.010183199999999937, 0.021711599999999803], "C103R6": [0.0, 0.0, 0.0, 0.0, 0.0], "C22R5": [0.0, 0.0, 7.200000000000002e-05, 0.0007116000000000004, 0.002904000000000004], "C11R1": [0.0, 0.0, 2.4000000000000004e-05, 0.0008160000000000005, 0.003120000000000005], "C202R6": [0.0, 0.0, 0.0, 0.0, 0.0], "C14R2": [0.0, 0.0, 0.00016800000000000004, 0.0014795999999999995, 0.0048959999999999984], "C4R3": [0.0, 0.0, 0.00016800000000000004, 0.0021035999999999984, 0.006639599999999978], "C6R5": [0.0, 0.0, 9.600000000000002e-05, 0.0008796000000000006, 0.002472000000000001], "C313R6": [0.0, 2.4000000000000004e-05, 0.0002796000000000001, 0.0021839999999999993, 0.006599999999999978], "C314R0": [0.0, 2.4000000000000004e-05, 0.00033600000000000004, 0.0022079999999999995, 0.00727919999999997], "C21R4": [0.0, 0.0, 0.0, 0.0, 0.0], "C24R3": [0.0, 0.0, 0.00028800000000000006, 0.0021515999999999996, 0.00651119999999998], "C7R3": [0.0, 0.0, 0.00028800000000000006, 0.0021347999999999996, 0.007407599999999969], "C208R0": [0.0, 0.00012000000000000002, 0.001631999999999999, 0.008463599999999957, 0.022414799999999794], "C15R5": [0.0, 0.0, 0.0, 0.0, 0.0], "C9R3": [0.0, 4.800000000000001e-05, 0.00021600000000000007, 0.0024156000000000013, 0.00725519999999997], "C15R1": [0.0, 0.0, 4.800000000000001e-05, 0.0008796000000000006, 0.002448000000000001], "C104R0": [0.0, 0.0, 0.0, 0.0, 0.0], "C15R2": [0.0, 0.0, 0.0002640000000000001, 0.001575599999999999, 0.005134799999999995], "C16R4": [0.0, 0.0, 0.00021600000000000007, 0.0018635999999999985, 0.005159999999999995], "C4R2": [0.0, 0.0, 0.00015, 0.0, 0.00015], "C13R5": [0.0, 0.0, 0.00013560000000000002, 0.0008880000000000007, 0.002743200000000003], "C2R1": [0.0, 0.0, 0.0, 0.0, 0.0], "C309R0": [0.0, 0.0, 0.00035160000000000004, 0.002535600000000001, 0.0068399999999999754], "C206R0": [0.0, 9.600000000000002e-05, 0.0014159999999999995, 0.009263999999999948, 0.020759999999999813], "C204R0": [0.0, 0.00015, 0.0, 0.0, 0.0], "C10R3": [0.0, 2.4000000000000004e-05, 0.00028800000000000006, 0.0018479999999999983, 0.006663599999999978], "C102R0": [2.4000000000000004e-05, 0.000408, 0.00639839999999998, 0.021847199999999803, 0.041358000000001026], "C1R5": [0.0, 0.0, 9.600000000000002e-05, 0.0008160000000000005, 0.003543600000000008], "C2R3": [0.0, 0.0, 0.00035160000000000004, 0.0020555999999999986, 0.006631199999999979], "C1R1": [0.0, 0.0, 2.4000000000000004e-05, 0.0006720000000000003, 0.003264000000000006], "C7R2": [0.0, 0.0, 0.00019200000000000006, 0.0015515999999999991, 0.005303999999999994], "C21R2": [0.0, 0.0, 0.00019200000000000006, 0.002006399999999999, 0.005471999999999992], "C19R2": [0.0, 0.0, 0.00016800000000000004, 0.0015671999999999995, 0.005247599999999994], "C207R6": [0.0, 9.600000000000002e-05, 0.0018719999999999982, 0.009519599999999944, 0.018911999999999835], "C311R0": [2.4000000000000004e-05, 0.0, 0.00031200000000000005, 0.0023520000000000004, 0.006303599999999982], "C5R4": [0.0, 0.0, 0.00015, 0.0, 0.00015], "C18R5": [0.0, 0.0, 3.96e-05, 0.0008880000000000007, 0.003127200000000005], "C17R5": [0.0, 0.0, 6.36e-05, 0.0006720000000000003, 0.0030156000000000046], "C203R0": [0.0, 0.00016800000000000004, 0.0018311999999999988, 0.00909479999999995, 0.019982399999999827], "C103R0": [0.0, 0.00045479999999999994, 0.005134799999999995, 0.019942799999999823, 0.04022280000000088], "C404R6": [0.0, 0.0, 0.0, 0.0003, 0.0], "C302R6": [0.0, 0.0, 0.00021600000000000007, 0.0024636000000000016, 0.006591599999999978], "C105R6": [0.0, 0.00045599999999999997, 0.0050699999999999955, 0.021359999999999806, 0.04089480000000097], "C15R4": [0.0, 0.0, 0.00023160000000000007, 0.0015515999999999993, 0.005247599999999994], "C315R6": [0.0, 0.0, 0.00031200000000000005, 0.0027120000000000026, 0.007039199999999973], "C1R2": [0.0, 0.0, 0.00016800000000000004, 0.0017195999999999989, 0.005159999999999995], "C17R4": [0.0, 0.0, 0.0, 0.00015, 0.0], "C405R0": [0.0, 0.0, 4.800000000000001e-05, 0.00036, 0.0019115999999999983], "C2R2": [0.0, 0.0, 4.800000000000001e-05, 0.0017279999999999986, 0.005103599999999996], "C13R3": [0.0, 0.0, 0.00045599999999999997, 0.0018875999999999984, 0.006415199999999981],