{"C13R3": [0.0, 0.0, 0.0013428, 0.01441919999999989, 0.049188000000002056], "C6R2": [0.0, 2.4000000000000004e-05, 0.0008796000000000007, 0.014715599999999888, 0.05025240000000221], "C9R5": [0.0, 0.0, 0.0002400000000000001, 0.005205599999999995, 0.021157199999999814], "C20R2": [0.0, 0.0, 0.0, 0.0003, 0.00015], "C203R6": [0.0, 0.0006780000000000001, 0.013046399999999906, 0.07980240000000112, 0.19356719999998342], "C103R6": [0.0, 0.0, 0.0003, 0.0007499999999999999, 0.0008999999999999999], "C15R5": [0.0, 0.0, 0.0, 0.0003, 0.00045], "C302R0": [0.0, 4.800000000000001e-05, 0.005911199999999987, 0.030333599999999704, 0.08534880000000025], "C24R2": [0.0, 0.0, 0.0003, 0.0, 0.0003], "C13R2": [0.0, 0.0, 0.0006792000000000002, 0.010828799999999935, 0.03831600000000063], "C1R4": [0.0, 0.0, 0.0, 0.0003, 0.0006], "C303R6": [0.0, 6.36e-05, 0.002119199999999999, 0.022076399999999805, 0.07049280000000256], "C11R4": [0.0, 0.0, 0.0009588000000000006, 0.010293599999999938, 0.039108000000000726], "C101R6": [0.0, 0.0026700000000000027, 0.04664880000000171, 0.20600639999998152, 0.42114120000014443], "C104R6": [0.0, 0.0016391999999999989, 0.038514000000000645, 0.1746131999999864, 0.3733224000000972], "C7R4": [0.0, 6.36e-05, 0.0008556000000000006, 0.012685199999999909, 0.047692800000001874], "C105R6": [0.0, 0.0027108000000000024, 0.046098000000001665, 0.19370399999998342, 0.39224280000011613], "C207R0": [0.0, 0.0004871999999999999, 0.01267679999999991, 0.06742680000000306, 0.17145719999998688], "C208R6": [0.0, 0.0004871999999999999, 0.013125599999999907, 0.07644840000000165, 0.18513359999998474], "C311R0": [0.0, 0.0, 0.0014543999999999994, 0.01872479999999984, 0.05677080000000306], "C205R6": [0.0, 0.0003996, 0.012094799999999916, 0.07132800000000243, 0.17099039999998697], "C309R6": [0.0, 0.0, 0.0018947999999999988, 0.016955999999999867, 0.055730400000002935], "C206R6": [0.0, 0.0003996, 0.012163199999999917, 0.06748800000000303, 0.17351999999998655], "C209R0": [0.0, 0.0, 0.0003, 0.0006, 0.0003], "C9R4": [0.0, 0.0, 0.0, 0.00015, 0.0], "C105R0": [0.0, 0.002991600000000004, 0.043866000000001334, 0.18789119999998438, 0.39556320000011963], "C23R2": [0.0, 2.4000000000000004e-05, 0.002086799999999999, 0.020411999999999826, 0.06781920000000302], "C308R0": [0.0, 0.0, 0.0015911999999999994, 0.01686239999999986, 0.05454480000000275], "C103R0": [0.0, 0.0019427999999999987, 0.04004280000000086, 0.17632919999998617, 0.3659232000000899], "C204R6": [0.0, 0.00047159999999999997, 0.011582399999999923, 0.07485720000000189, 0.18203159999998522], "C305R6": [0.0, 0.0, 0.0018395999999999985, 0.020338799999999827, 0.06109080000000362], "C2R3": [0.0, 0.004215600000000007, 0.019159199999999835, 0.04948560000000208, 0.10864919999999663], "C11R5": [0.0, 0.00015, 0.00015, 0.0006, 0.00045], "C303R0": [0.0, 0.0, 0.002548800000000001, 0.023420399999999786, 0.07171440000000237], "C101R0": [0.0, 0.0, 0.00015, 0.0008999999999999999, 0.0006], "C8R4": [0.0, 0.0, 0.0011268000000000003, 0.011779199999999924, 0.04309200000000126], "C3R2": [0.0, 4.800000000000001e-05, 0.004279200000000006, 0.02355839999999978, 0.0669300000000031], "C311R6": [0.0, 6.36e-05, 0.001759199999999999, 0.01855679999999985, 0.055477200000002884], "C204R0": [0.0, 0.0, 0.0006, 0.0007499999999999999, 0.0007499999999999999], "C201R0": [0.0, 0.0011112000000000003, 0.020117999999999824, 0.09662039999999855, 0.22803959999997808], "C24R4": [0.0, 0.0, 0.003288000000000006, 0.029357999999999714, 0.07813920000000138], "C314R6": [0.0, 0.0, 0.00045, 0.0003, 0.00105], "C420R6": [0.0, 0.0, 0.0009600000000000008, 0.007293599999999971, 0.024027599999999785], "C307R6": [0.0, 0.0, 0.0, 0.00015, 0.00015], "C301R0": [0.0, 0.0, 0.0, 0.0003, 0.0003], "C8R3": [0.0, 3.96e-05, 0.0019667999999999986, 0.01635719999999987, 0.05346000000000263], "C304R0": [0.0, 0.0, 0.002071199999999999, 0.020516399999999824, 0.06151560000000369], "C21R5": [0.0, 0.0, 0.0005112, 0.007436399999999969, 0.02791679999999973], "C207R6": [0.0, 0.0004392, 0.011229599999999926, 0.06857880000000288, 0.17556959999998625], "C404R6": [0.0, 0.0, 0.0, 0.00015, 0.0], "C418R6": [0.0, 0.0, 0.00047999999999999996, 0.004501200000000003, 0.019437599999999833], "C15R1": [0.0, 0.0, 0.0002400000000000001, 0.005116799999999997, 0.023587199999999784], "C20R4": [0.0, 2.4000000000000004e-05, 0.0013188, 0.014379599999999892, 0.04800480000000191], "C309R0": [0.0, 2.4000000000000004e-05, 0.002014799999999999, 0.017237999999999854, 0.05588520000000294], "C203R0": [0.0, 0.0007188000000000003, 0.013691999999999899, 0.07787400000000144, 0.19084079999998382], "C2R4": [0.0, 0.0, 0.0035664000000000073, 0.02474159999999977, 0.07061760000000256], "C4R5": [0.0, 0.0, 0.0005520000000000001, 0.006973199999999976, 0.030281999999999712], "C202R6": [0.0, 0.0003, 0.0007499999999999999, 0.0007499999999999999, 0.00045], "C4R4": [0.0, 3.96e-05, 0.001759199999999999, 0.015805199999999874, 0.05614200000000299], "C19R5": [0.0, 0.0, 0.00015, 0.0007499999999999999, 0.00045], "C302R6": [0.0, 0.0, 0.0028464000000000037, 0.025083599999999772, 0.0760356000000017], "C206R0": [0.0, 0.0003504, 0.010717199999999932, 0.06811920000000293, 0.17307119999998663], "C407R0": [0.0, 0.0, 0.0, 0.0003, 0.0006], "C315R6": [0.0, 6.36e-05, 0.002470800000000001, 0.029570399999999726, 0.08266560000000073], "C9R3": [0.0, 0.0, 0.0014459999999999998, 0.016101599999999872, 0.0502512000000022], "C23R4": [0.0, 0.0, 0.0015191999999999992, 0.021107999999999814, 0.06627360000000324], "C102R0": [0.0, 0.0021275999999999986, 0.04099680000000098, 0.18728279999998448, 0.39527280000011933], "C310R0": [0.0, 4.800000000000001e-05, 0.0015515999999999993, 0.016141199999999873, 0.05458920000000278], "C18R5": [0.0, 0.0, 0.0004548, 0.00559919999999999, 0.02332319999999979], "C410R6": [0.0, 0.0, 0.00024720000000000005, 0.0037956000000000083, 0.014348399999999893], "C11R2": [0.0, 2.4000000000000004e-05, 0.0010308000000000006, 0.011428799999999927, 0.039507600000000774], "C210R6": [0.0, 0.0006312000000000002, 0.017978399999999856, 0.09351119999999902, 0.21708839999997978], "C12R5": [0.0, 0.0, 0.0002796, 0.005005199999999997, 0.019438799999999833], "C22R4": [0.0, 0.0, 0.0013752, 0.01756439999999985, 0.0556356000000029], "C104R0": [0.0, 0.0, 0.00045, 0.0003, 0.0016499999999999998], "C9R2": [0.0, 0.0, 0.0009192000000000007, 0.011715599999999922, 0.04177200000000108], "C416R6": [0.0, 0.0, 0.00015960000000000003, 0.003351600000000007, 0.015604799999999879], "C409R0": [0.0, 0.0, 0.00024720000000000005, 0.0030768000000000054, 0.013739999999999903], "C2R2": [0.0, 9.600000000000002e-05, 0.014973599999999887, 0.037453200000000506, 0.08095560000000093], "C19R3": [0.0, 3.96e-05, 0.0011196000000000005, 0.01641359999999987, 0.056331600000003], "C102R6": [0.0, 0.001671599999999999, 0.042314400000001154, 0.1870043999999845, 0.39651720000012003], "C210R0": [0.0, 0.0007668000000000003, 0.016419599999999868, 0.08423880000000043, 0.2068787999999814], "C6R5": [0.0, 0.0, 0.0004788, 0.006382799999999981, 0.02550959999999976], "C202R0": [0.0, 0.0005352, 0.016005599999999873, 0.08915879999999972, 0.21384599999998027], "C18R3": [0.0, 0.0, 0.0015035999999999993, 0.015875999999999873, 0.05138640000000236], "C315R0": [0.0, 4.800000000000001e-05, 0.004615200000000002, 0.027578399999999746, 0.07634640000000172], "C313R0": [0.0, 4.800000000000001e-05, 0.0025512000000000017, 0.02148359999999981, 0.06597000000000329], "C14R4": [0.0, 2.4000000000000004e-05, 0.0006552000000000002, 0.011149199999999923, 0.03876480000000067], "C305R0": [0.0, 3.96e-05, 0.0019655999999999988, 0.01964519999999983, 0.06279720000000373], "C10R4": [0.0, 0.0, 0.0009192000000000006, 0.01104599999999993, 0.03887640000000069], "C17R5": [0.0, 0.0, 0.0003192, 0.004159200000000007, 0.023027999999999795], "C209R6": [0.0, 0.001398, 0.019323599999999837, 0.08630520000000012, 0.19966559999998246], "C24R5": [0.0, 0.0, 0.0006000000000000002, 0.009445199999999947, 0.03791400000000057],