{"C24R1": [0.0, 0.0, 0.0002640000000000001, 0.003054000000000004, 0.012118799999999914], "C101R0": [0.0, 0.0, 0.0007499999999999999, 0.00015, 0.0007499999999999999], "C7R5": [0.0, 0.0, 0.0, 0.00015, 0.0], "C10R1": [0.0, 0.0, 0.0, 0.00015, 0.0], "C312R6": [0.0, 0.0, 0.0012000000000000001, 0.008878799999999952, 0.027165599999999738], "C2R4": [0.0, 3.96e-05, 0.0007596000000000004, 0.0060155999999999855, 0.022381199999999796], "C311R0": [0.0, 0.0, 0.0011592000000000002, 0.009134399999999949, 0.026822399999999743], "C410R6": [0.0, 0.0, 0.00023160000000000007, 0.002023199999999999, 0.007231199999999971], "C12R3": [0.0, 0.0, 0.0007188000000000003, 0.007727999999999965, 0.022191599999999798], "C307R0": [0.0, 4.800000000000001e-05, 0.0010716000000000005, 0.009735599999999943, 0.026878799999999745], "C1R5": [0.0, 0.0, 0.0002640000000000001, 0.002806800000000003, 0.011687999999999919], "C204R0": [0.0, 0.0, 0.0003, 0.00015, 0.0], "C413R0": [0.0, 0.0, 0.00015960000000000003, 0.0017759999999999985, 0.006775199999999976], "C6R4": [0.0, 2.4000000000000004e-05, 0.0006312000000000002, 0.00726239999999997, 0.02028719999999982], "C11R2": [0.0, 0.0, 0.0005196, 0.004934399999999998, 0.019414799999999833], "C201R0": [0.0, 0.00020760000000000006, 0.00738239999999997, 0.037756800000000555, 0.08261160000000072], "C102R0": [0.0, 0.0015359999999999992, 0.02054879999999982, 0.08220360000000075, 0.16728959999998752], "C401R0": [0.0, 0.0, 0.00014400000000000003, 0.002054399999999999, 0.007526399999999968], "C11R3": [0.0, 2.4000000000000004e-05, 0.0007596000000000005, 0.007654799999999967, 0.023381999999999785], "C105R0": [3.96e-05, 0.0031752000000000056, 0.028118399999999728, 0.08905079999999971, 0.17210759999998676], "C104R6": [0.0, 0.001631999999999999, 0.019085999999999836, 0.080442000000001, 0.16140959999998844], "C105R6": [0.0, 0.0013751999999999998, 0.0221723999999998, 0.08537760000000028, 0.16394039999998802], "C8R3": [0.0, 4.800000000000001e-05, 0.0011028000000000006, 0.0077987999999999625, 0.024405599999999774], "C201R6": [0.0, 0.00018360000000000004, 0.007653599999999966, 0.035868000000000295, 0.08490720000000034], "C10R3": [0.0, 0.0, 0.0008400000000000006, 0.00727799999999997, 0.023757599999999778], "C209R6": [0.0, 0.000432, 0.006975599999999974, 0.03554880000000027, 0.0825660000000007], "C313R6": [0.0, 0.0, 0.0012156000000000003, 0.009286799999999946, 0.026069999999999753], "C6R3": [0.0, 0.0, 0.0008316000000000005, 0.008014799999999963, 0.02437559999999977], "C314R0": [0.0, 0.0, 0.0010080000000000006, 0.010039199999999937, 0.027997199999999733], "C302R6": [0.0, 4.800000000000001e-05, 0.0013823999999999998, 0.010255199999999937, 0.028725599999999723], "C206R6": [0.0, 0.00047999999999999996, 0.0070067999999999745, 0.03254159999999986, 0.07824480000000135], "C202R6": [0.0, 0.0, 0.0007499999999999999, 0.0003, 0.0003], "C4R5": [0.0, 0.0, 0.00047999999999999996, 0.0030072000000000046, 0.011062799999999927], "C204R6": [0.0, 0.00045599999999999997, 0.006734399999999976, 0.035044800000000195, 0.07846080000000132], "C2R3": [0.0, 2.4000000000000004e-05, 0.0009912000000000007, 0.00929399999999995, 0.02676479999999975], "C18R3": [0.0, 2.4000000000000004e-05, 0.0007680000000000005, 0.00819119999999996, 0.024085199999999776], "C312R0": [0.0, 0.0, 0.0011676000000000002, 0.010565999999999931, 0.027365999999999738], "C101R6": [0.0, 0.0015995999999999992, 0.021196799999999814, 0.08464320000000036, 0.16734479999998753], "C24R2": [0.0, 0.0, 0.0, 0.0, 0.0], "C1R4": [0.0, 0.0, 0.00015, 0.00015, 0.00015], "C8R2": [0.0, 0.0, 0.00015, 0.0, 0.0], "C315R6": [0.0, 4.800000000000001e-05, 0.0021671999999999993, 0.010262399999999935, 0.02880599999999972], "C14R4": [0.0, 0.0, 0.0006000000000000002, 0.005191199999999996, 0.01882079999999984], "C3R4": [0.0, 0.0, 0.0012875999999999999, 0.00741479999999997, 0.019982399999999824], "C5R4": [0.0, 0.0, 0.00015, 0.0003, 0.0003], "C2R2": [0.0, 2.4000000000000004e-05, 0.0006480000000000002, 0.005823599999999988, 0.022217999999999804], "C209R0": [0.0, 0.0, 0.0, 0.0003, 0.00015], "C21R4": [0.0, 0.0, 0.0, 0.00015, 0.0], "C303R6": [0.0, 6.36e-05, 0.0015275999999999994, 0.010142399999999939, 0.028207199999999728], "C16R3": [0.0, 0.0, 0.0008160000000000005, 0.00653519999999998, 0.023573999999999786], "C301R6": [0.0, 4.800000000000001e-05, 0.0009432000000000007, 0.009813599999999941, 0.02821439999999973], "C205R6": [0.0, 0.00028800000000000006, 0.007046399999999973, 0.03256559999999987, 0.07686840000000156], "C208R0": [0.0, 0.0002796, 0.00658919999999998, 0.03314999999999995, 0.08198040000000079], "C3R2": [0.0, 0.0, 0.0007836000000000005, 0.00648719999999998, 0.02135639999999981], "C8R1": [0.0, 0.0, 0.0002400000000000001, 0.003135600000000005, 0.010351199999999934], "C5R2": [0.0, 2.4000000000000004e-05, 0.0007032000000000003, 0.00724679999999997, 0.020638799999999815], "C102R6": [0.0, 0.0016463999999999997, 0.02085119999999982, 0.0819060000000008, 0.16566359999998775], "C210R6": [0.0, 0.0005520000000000001, 0.00896639999999995, 0.03797280000000058, 0.08430840000000041], "C22R2": [0.0, 0.0, 0.0008556000000000006, 0.007390799999999969, 0.020510399999999818], "C417R0": [0.0, 0.0, 0.0, 0.00045, 0.00015], "C3R3": [0.0, 0.0, 0.0011112000000000003, 0.009262799999999948, 0.026871599999999742], "C4R2": [0.0, 0.0, 0.0, 0.0003, 0.0003], "C104R0": [0.0, 0.0, 0.0003, 0.00015, 0.0003], "C205R0": [0.0, 0.00028800000000000006, 0.006277199999999983, 0.03598200000000032, 0.07872120000000128], "C2R5": [0.0, 0.0, 0.0002400000000000001, 0.0028308000000000027, 0.011879999999999917], "C203R0": [0.0, 0.00033600000000000004, 0.006638399999999977, 0.03674880000000042, 0.08073960000000101], "C307R6": [0.0, 0.0, 0.0, 0.0, 0.0003], "C310R0": [0.0, 7.92e-05, 0.0011760000000000002, 0.008702399999999956, 0.025133999999999764], "C15R2": [0.0, 0.0, 0.0006876000000000002, 0.005807999999999988, 0.01946279999999983], "C16R4": [0.0, 0.0, 0.0006792000000000002, 0.005846399999999987, 0.018941999999999837], "C207R6": [3.96e-05, 0.00028800000000000006, 0.006742799999999977, 0.03410880000000008, 0.07855560000000134], "C23R2": [0.0, 0.0, 0.0006636000000000003, 0.006511199999999978, 0.02034239999999982], "C3R5": [0.0, 0.0, 0.0, 0.0, 0.0], "C20R2": [0.0, 0.0, 0.0, 0.00015, 0.0], "C11R5": [0.0, 0.0, 0.00015, 0.00015, 0.0], "C24R5": [0.0, 0.0, 0.00024720000000000005, 0.0034068000000000067, 0.012286799999999915], "C202R0": [0.0, 0.0003756, 0.006478799999999979, 0.036412800000000384, 0.0833880000000006], "C315R0": [0.0, 4.800000000000001e-05, 0.0012000000000000001, 0.009487199999999944, 0.028135199999999725], "C1R3": [0.0, 0.0, 0.0010236000000000008, 0.008822399999999953, 0.027382799999999735], "C303R0": [0.0, 6.36e-05, 0.0012792000000000003, 0.008822399999999953, 0.02715959999999974], "C306R6": [0.0, 0.0, 0.0013751999999999998, 0.00900599999999995, 0.026582399999999746], "C304R6": [0.0, 4.800000000000001e-05, 0.0010560000000000005, 0.008735999999999954, 0.026997599999999743], "C412R6": [0.0, 7.92e-05, 7.200000000000002e-05, 0.0016547999999999992, 0.007238399999999971], "C103R0": [0.0, 0.0016943999999999987, 0.020383199999999817, 0.08183280000000083, 0.16371359999998805], "C20R3": [0.0, 0.0, 0.0010392000000000005, 0.008743199999999953, 0.024735599999999767], "C22R4": [0.0, 2.4000000000000004e-05, 0.0009756000000000007, 0.006910799999999976, 0.019615199999999826], "C203R6": [0.0, 0.0002796000000000001, 0.00654239999999998, 0.03447000000000012, 0.08277240000000066], "C19R5": [0.0, 0.0, 0.00015, 0.00015, 0.0], "C414R6": [0.0, 0.0, 0.0, 0.0003, 0.00045], "C310R6": [0.0, 2.4000000000000004e-05, 0.0008472000000000004, 0.009255599999999947, 0.024686399999999768], "C14R3": [0.0, 2.4000000000000004e-05, 0.0006480000000000002, 0.007246799999999972, 0.022334399999999796], "C8R5": [0.0, 0.0, 0.0002640000000000001, 0.0023508000000000005, 0.010087199999999939], "C19R2": [0.0, 3.96e-05, 0.0005988000000000001, 0.006429599999999981, 0.019501199999999833], "C16R5": [0.0, 0.0, 0.0004476, 0.002511600000000002, 0.01003799999999994],