{"C17R4": [0.0, 0.0, 0.0, 0.00015, 0.0], "C16R3": [0.0, 0.0001032, 0.0011676000000000002, 0.007798799999999964, 0.01831919999999984], "C19R5": [0.0, 0.0, 0.0, 0.0, 0.00015], "C8R4": [0.0, 0.0, 0.0008472000000000005, 0.006543599999999979, 0.013775999999999894], "C101R6": [2.4000000000000004e-05, 0.0026952000000000018, 0.021428399999999813, 0.06380520000000363, 0.09370199999999897], "C6R2": [0.0, 0.0, 0.0009432000000000007, 0.005583599999999991, 0.013615199999999897], "C315R6": [0.0, 0.00018360000000000004, 0.0018311999999999988, 0.008319599999999958, 0.017583599999999852], "C306R6": [0.0, 7.200000000000002e-05, 0.0014075999999999997, 0.008350799999999957, 0.018557999999999842], "C102R6": [7.200000000000002e-05, 0.0022716000000000004, 0.021350399999999808, 0.061652400000003715, 0.09134399999999933], "C7R1": [0.0, 0.0, 0.00035160000000000004, 0.003343200000000007, 0.00815159999999996], "C104R0": [0.0, 0.0, 0.00015, 0.0, 0.0], "C302R6": [0.0, 0.0001116, 0.0017027999999999993, 0.008415599999999957, 0.018111599999999842], "C209R0": [0.0, 0.0, 0.0, 0.00015, 0.0], "C5R1": [0.0, 0.0, 0.00047879999999999993, 0.003406800000000007, 0.0076631999999999655], "C16R1": [0.0, 0.0, 0.00020760000000000006, 0.002839200000000004, 0.008863199999999953], "C15R3": [0.0, 4.800000000000001e-05, 0.0011196000000000005, 0.00733559999999997, 0.017079599999999855], "C312R0": [0.0, 7.200000000000002e-05, 0.001567199999999999, 0.008815199999999954, 0.019558799999999828], "C1R3": [0.0, 2.4000000000000004e-05, 0.0014555999999999996, 0.007711199999999965, 0.01700519999999986], "C17R1": [0.0, 0.0, 9.600000000000002e-05, 0.0027120000000000026, 0.0076799999999999655], "C103R6": [0.0, 0.0, 0.0, 0.00015, 0.0], "C15R1": [0.0, 0.0, 0.00035160000000000004, 0.0032160000000000057, 0.007847999999999964], "C205R6": [0.0, 0.0006480000000000002, 0.007990799999999963, 0.02780639999999973, 0.048766800000002004], "C304R0": [0.0, 4.800000000000001e-05, 0.0017195999999999986, 0.008751599999999953, 0.018118799999999845], "C105R6": [2.4000000000000004e-05, 0.0025272000000000016, 0.022661999999999797, 0.06243840000000382, 0.0889583999999997], "C7R2": [0.0, 3.96e-05, 0.0007992000000000003, 0.006663599999999978, 0.015271199999999879], "C418R6": [0.0, 2.4000000000000004e-05, 0.00014400000000000003, 0.0022151999999999996, 0.005975999999999986], "C203R6": [0.0, 0.000504, 0.00808679999999996, 0.029254799999999713, 0.048223200000001944], "C103R0": [2.4000000000000004e-05, 0.0019907999999999987, 0.02259119999999979, 0.06448680000000351, 0.09182039999999927], "C101R0": [0.0, 0.00015, 0.00015, 0.0, 0.00045], "C23R3": [0.0, 2.4000000000000004e-05, 0.0013355999999999997, 0.00644759999999998, 0.018103199999999844], "C2R3": [0.0, 8.760000000000002e-05, 0.0016067999999999992, 0.0077747999999999646, 0.016559999999999863], "C102R0": [0.0, 0.00228, 0.0220703999999998, 0.060222000000003516, 0.09122159999999938], "C310R0": [0.0, 0.0, 0.001711199999999999, 0.008462399999999957, 0.01767839999999985], "C309R0": [0.0, 8.76e-05, 0.0018155999999999986, 0.008807999999999953, 0.01936799999999983], "C302R0": [0.0, 4.800000000000001e-05, 0.0017435999999999988, 0.008631599999999955, 0.017606399999999852], "C20R3": [0.0, 6.36e-05, 0.0011676000000000002, 0.006815999999999976, 0.017559599999999852], "C8R2": [0.0, 0.0, 0.0, 0.00015, 0.0], "C3R3": [0.0, 2.4000000000000004e-05, 0.0014147999999999995, 0.007471199999999969, 0.016879199999999858], "C406R6": [0.0, 0.0, 0.0003192, 0.001919999999999998, 0.0058151999999999865], "C7R3": [0.0, 0.0, 0.0013428, 0.007654799999999967, 0.017175599999999853], "C206R0": [0.0, 0.0005916000000000002, 0.008613599999999957, 0.028653599999999724, 0.05082240000000229], "C5R5": [0.0, 0.0, 0.0002640000000000001, 0.003142800000000005, 0.007983599999999962], "C13R3": [0.0, 4.800000000000001e-05, 0.0012875999999999999, 0.007519199999999967, 0.01681559999999986], "C14R4": [0.0, 0.0, 0.0009672000000000007, 0.006159599999999984, 0.013903199999999893], "C419R0": [0.0, 0.0, 0.00021600000000000007, 0.0022308, 0.006022799999999986], "C409R0": [0.0, 0.0, 0.00018360000000000004, 0.002071199999999999, 0.0048395999999999995], "C104R6": [2.4000000000000004e-05, 0.0020639999999999986, 0.021358799999999806, 0.06414120000000356, 0.09072479999999944], "C20R2": [0.0, 0.0, 0.0, 0.00015, 0.0], "C207R6": [0.0, 0.0008640000000000006, 0.009141599999999948, 0.02898119999999972, 0.04833360000000194], "C20R5": [0.0, 0.0, 0.00030360000000000006, 0.0028872000000000034, 0.008271599999999959], "C204R0": [0.0, 0.0, 0.00015, 0.0, 0.0], "C201R0": [0.0, 0.000432, 0.007894799999999964, 0.027207599999999738, 0.04786920000000189], "C6R3": [0.0, 4.800000000000001e-05, 0.0014232, 0.007703999999999965, 0.017143199999999855], "C10R2": [0.0, 2.4000000000000004e-05, 0.0006876000000000003, 0.00646319999999998, 0.014679599999999883], "C23R2": [0.0, 4.800000000000001e-05, 0.0007596000000000004, 0.005863199999999988, 0.013991999999999892], "C4R1": [0.0, 2.4000000000000004e-05, 0.00033600000000000004, 0.0029916000000000044, 0.008575199999999955], "C210R0": [0.0, 0.0003756, 0.008343599999999958, 0.02910239999999972, 0.04823880000000194], "C11R4": [0.0, 0.0, 0.0008316000000000006, 0.006231599999999983, 0.013382399999999902], "C203R0": [0.0, 0.0005760000000000001, 0.008359199999999957, 0.028700399999999727, 0.047726400000001876], "C14R1": [0.0, 0.0, 0.0, 0.00015, 0.0], "C204R6": [0.0, 0.00046319999999999993, 0.008422799999999958, 0.02731799999999974, 0.047910000000001896], "C13R5": [0.0, 0.0, 0.00031200000000000005, 0.0028956000000000034, 0.00812759999999996], "C307R0": [0.0, 0.0, 0.0013271999999999997, 0.00891119999999995, 0.017151599999999857], "C304R6": [0.0, 0.0, 0.0016631999999999988, 0.008087999999999962, 0.018687599999999836], "C303R6": [0.0, 0.0001116, 0.0014315999999999997, 0.00826319999999996, 0.01793399999999985], "C206R6": [3.96e-05, 0.00047999999999999996, 0.008414399999999959, 0.028111199999999725, 0.047620800000001844], "C210R6": [0.0, 0.0005112, 0.0076463999999999656, 0.027519599999999735, 0.04886280000000202], "C202R0": [0.0, 0.0005436000000000001, 0.00824639999999996, 0.028054799999999727, 0.04940640000000209], "C5R2": [0.0, 2.4000000000000004e-05, 0.0008796000000000006, 0.006151199999999984, 0.013694399999999897], "C307R6": [0.0, 0.0, 0.0, 0.0, 0.0], "C305R0": [0.0, 2.4000000000000004e-05, 0.0016799999999999988, 0.009046799999999952, 0.017271599999999852], "C202R6": [0.0, 0.0, 0.0, 0.00015, 0.0], "C17R5": [0.0, 0.0, 0.0002640000000000001, 0.003264000000000006, 0.008311199999999958], "C205R0": [0.0, 0.000408, 0.007903199999999963, 0.028598399999999722, 0.04853400000000197], "C14R5": [0.0, 0.0, 0.00030360000000000006, 0.0030228000000000043, 0.007743599999999965], "C12R4": [0.0, 0.0, 0.0007512000000000004, 0.005991599999999986, 0.013774799999999894], "C208R6": [0.0, 0.0005676000000000001, 0.0075347999999999665, 0.028757999999999725, 0.049599600000002124], "C21R4": [0.0, 0.0, 0.0, 0.0, 0.0], "C11R2": [0.0, 2.4000000000000004e-05, 0.0008316000000000005, 0.006031199999999984, 0.01419959999999989], "C313R0": [0.0, 2.4000000000000004e-05, 0.0018071999999999984, 0.00820679999999996, 0.017335199999999856], "C14R3": [0.0, 9.600000000000002e-05, 0.0012552000000000002, 0.007215599999999971, 0.017270399999999856], "C10R1": [0.0, 0.0, 0.0, 0.0, 0.0], "C208R0": [0.0, 0.0005196, 0.008014799999999963, 0.028239599999999723, 0.04802280000000192], "C17R2": [0.0, 4.800000000000001e-05, 0.0008880000000000007, 0.006175199999999983, 0.012527999999999909], "C23R1": [0.0, 0.0, 0.00036, 0.0027996000000000036, 0.0076799999999999655], "C412R6": [0.0, 0.0, 0.00015960000000000003, 0.0018719999999999982, 0.006215999999999983], "C311R6": [0.0, 0.0, 0.0013919999999999996, 0.009221999999999949, 0.017023199999999857], "C310R6": [0.0, 2.4000000000000004e-05, 0.001607999999999999, 0.007903199999999964, 0.018247199999999842], "C201R6": [0.0, 0.0006000000000000002, 0.007543199999999967, 0.02942279999999971, 0.04903920000000205],