{"C20R2": [0.0, 0.0, 0.00015, 0.00015, 0.0], "C11R4": [0.0, 2.4000000000000004e-05, 0.001927199999999998, 0.011414399999999925, 0.026806799999999742], "C103R6": [0.0, 0.00015, 0.0, 0.00015, 0.0], "C313R0": [0.0, 0.0001512, 0.0032304000000000057, 0.01605479999999987, 0.03380640000000003], "C205R6": [0.0, 0.0015347999999999998, 0.01571639999999988, 0.054397200000002754, 0.09038879999999945], "C5R3": [0.0, 0.00016800000000000004, 0.0021671999999999998, 0.01448519999999989, 0.033213599999999954], "C16R3": [0.0, 9.600000000000002e-05, 0.002703600000000002, 0.01458119999999989, 0.031703999999999746], "C23R3": [0.0, 4.800000000000001e-05, 0.002343600000000001, 0.013774799999999894, 0.0328379999999999], "C312R0": [0.0, 9.600000000000002e-05, 0.0032952000000000064, 0.01720559999999986, 0.0358788000000003], "C309R0": [0.0, 0.00013560000000000002, 0.0034392000000000064, 0.01681319999999986, 0.03414120000000007], "C304R0": [0.0, 0.00023160000000000007, 0.0029760000000000042, 0.015805199999999877, 0.03351839999999999], "C19R1": [0.0, 0.0, 0.0007752000000000004, 0.005302799999999994, 0.015374399999999877], "C307R0": [0.0, 0.00014400000000000003, 0.003327600000000007, 0.015205199999999882, 0.03491040000000018], "C204R0": [0.0, 0.0, 0.0, 0.00015, 0.0], "C15R2": [0.0, 2.4000000000000004e-05, 0.001991999999999998, 0.011981999999999916, 0.02729519999999974], "C2R3": [0.0, 0.00011160000000000002, 0.0030528000000000035, 0.015422399999999878, 0.031629599999999744], "C5R4": [0.0, 0.0, 0.0, 0.00015, 0.0], "C206R0": [0.0, 0.0010956000000000004, 0.015334799999999878, 0.05612760000000298, 0.09264479999999913], "C202R0": [0.0, 0.0009516000000000008, 0.013821599999999898, 0.05406000000000272, 0.09232559999999919], "C21R1": [0.0, 3.96e-05, 0.0007596000000000005, 0.005492399999999991, 0.015927599999999868], "C204R6": [0.0, 0.0011748000000000004, 0.015559199999999876, 0.05449320000000275, 0.09181439999999927], "C201R0": [0.0, 0.0014711999999999993, 0.016244399999999874, 0.0531816000000026, 0.09239039999999915], "C210R6": [2.4000000000000004e-05, 0.0013344, 0.015773999999999875, 0.055972800000002966, 0.09083639999999941], "C102R6": [0.00013560000000000002, 0.005661599999999989, 0.042412800000001166, 0.11796479999999518, 0.16990799999998707], "C17R2": [0.0, 4.800000000000001e-05, 0.002350800000000001, 0.011654399999999919, 0.026949599999999744], "C310R6": [0.0, 0.0001116, 0.002782800000000003, 0.015399599999999876, 0.03399840000000005], "C3R5": [0.0, 0.0, 0.0, 0.0, 0.0], "C6R1": [0.0, 0.0, 0.00015, 0.0, 0.0], "C102R0": [9.600000000000002e-05, 0.006109199999999985, 0.04299480000000125, 0.11822879999999515, 0.16611479999998768], "C24R3": [0.0, 0.00012000000000000002, 0.0027912000000000037, 0.01439879999999989, 0.0320951999999998], "C301R0": [0.0, 0.0, 0.0, 0.0, 0.0], "C103R0": [0.00012000000000000002, 0.005127599999999996, 0.04050000000000091, 0.11839439999999511, 0.17076359999998697], "C6R4": [0.0, 6.36e-05, 0.0018239999999999984, 0.011199599999999924, 0.025997999999999757], "C11R2": [0.0, 2.4000000000000004e-05, 0.0017915999999999984, 0.01072679999999993, 0.025661999999999758], "C105R6": [4.800000000000001e-05, 0.004374000000000005, 0.04158000000000104, 0.1222751999999945, 0.16969079999998712], "C203R0": [0.0, 0.0014063999999999995, 0.014901599999999883, 0.05417280000000271, 0.0927731999999991], "C202R6": [0.0, 0.0, 0.0003, 0.00015, 0.00015], "C302R6": [0.0, 0.00019200000000000006, 0.003367200000000006, 0.016893599999999863, 0.035094000000000194], "C12R4": [0.0, 0.00011160000000000002, 0.0016475999999999988, 0.012302399999999913, 0.02662199999999975], "C408R6": [0.0, 0.0, 0.00047999999999999996, 0.004303200000000005, 0.01167839999999992], "C10R4": [0.0, 4.800000000000001e-05, 0.002182799999999999, 0.01259039999999991, 0.025846799999999757], "C101R0": [0.0, 0.0, 0.00015, 0.00045, 0.0], "C19R5": [0.0, 0.0, 0.0, 0.0, 0.00015], "C105R0": [4.800000000000001e-05, 0.004471200000000003, 0.04339560000000129, 0.11853239999999508, 0.1736027999999865], "C104R6": [0.0001116, 0.0047112, 0.042412800000001166, 0.11877239999999505, 0.16943639999998716], "C14R1": [0.0, 0.0, 0.0, 0.0, 0.00015], "C9R1": [0.0, 0.0, 0.0006636000000000003, 0.005871599999999987, 0.014589599999999887], "C315R6": [0.0, 0.00019920000000000004, 0.002935200000000004, 0.01634879999999987, 0.034710000000000144], "C11R1": [0.0, 2.4000000000000004e-05, 0.0008076000000000004, 0.005870399999999987, 0.015628799999999877], "C24R2": [0.0, 0.0, 0.0, 0.00015, 0.00045], "C23R2": [0.0, 9.600000000000002e-05, 0.001687199999999999, 0.012332399999999915, 0.026806799999999745], "C403R0": [0.0, 0.0, 0.0006864000000000001, 0.004255200000000005, 0.011199599999999924], "C101R6": [9.600000000000002e-05, 0.00555839999999999, 0.0419400000000011, 0.11478479999999568, 0.17244359999998668], "C18R1": [0.0, 0.0, 0.0, 0.0, 0.0], "C208R6": [0.0, 0.0012228, 0.015615599999999874, 0.05483760000000281, 0.09199679999999923], "C210R0": [0.0, 0.001248, 0.01615679999999987, 0.05352480000000263, 0.09318959999999904], "C410R6": [0.0, 0.0, 0.0002796, 0.004382400000000003, 0.01171079999999992], "C5R1": [0.0, 0.0, 0.0006396000000000003, 0.0057743999999999894, 0.015142799999999878], "C208R0": [0.0, 0.0009516000000000007, 0.015453599999999876, 0.05406960000000271, 0.09160679999999928], "C302R0": [0.0, 0.00013560000000000002, 0.0032232000000000064, 0.01605599999999987, 0.03387120000000004], "C11R3": [0.0, 0.00011160000000000002, 0.0028956000000000034, 0.015230399999999878, 0.03197519999999979], "C15R4": [0.0, 9.600000000000002e-05, 0.001583999999999999, 0.011949599999999918, 0.025966799999999755], "C13R1": [0.0, 0.0, 0.0007116000000000004, 0.005774399999999988, 0.01440599999999989], "C10R2": [0.0, 4.800000000000001e-05, 0.001759199999999999, 0.011237999999999925, 0.027389999999999734], "C3R4": [0.0, 2.4000000000000004e-05, 0.0023268000000000004, 0.01166399999999992, 0.026638799999999744], "C9R4": [0.0, 0.0, 0.00015, 0.0, 0.00015], "C207R6": [0.0, 0.0012396000000000002, 0.016605599999999866, 0.054202800000002715, 0.09167759999999928], "C306R6": [0.0, 4.800000000000001e-05, 0.003022800000000005, 0.017477999999999858, 0.03607920000000033], "C24R4": [0.0, 0.0, 0.0017195999999999986, 0.012533999999999912, 0.027742799999999734], "C13R2": [0.0, 9.600000000000002e-05, 0.001583999999999999, 0.011597999999999921, 0.02531999999999976], "C201R6": [0.0, 0.0011592000000000004, 0.01550879999999988, 0.0539568000000027, 0.0908927999999994], "C19R4": [0.0, 3.96e-05, 0.0017915999999999984, 0.010958399999999929, 0.025925999999999755], "C203R6": [0.0, 0.0014471999999999994, 0.017069999999999863, 0.05523000000000286, 0.09103079999999938], "C104R0": [0.0, 0.0, 0.00015, 0.0, 0.00015], "C12R2": [0.0, 0.0, 0.0, 0.00015, 0.0], "C15R3": [0.0, 9.600000000000002e-05, 0.0025260000000000018, 0.014830799999999884, 0.032332799999999835], "C3R2": [0.0, 4.800000000000001e-05, 0.0021107999999999995, 0.011933999999999917, 0.02615879999999975], "C12R3": [0.0, 0.00014400000000000003, 0.0027828000000000032, 0.014813999999999885, 0.03230999999999983], "C17R4": [0.0, 0.0, 0.0, 0.0, 0.0], "C6R2": [0.0, 2.4000000000000004e-05, 0.0019031999999999986, 0.010918799999999928, 0.025133999999999764], "C16R4": [0.0, 8.76e-05, 0.001951199999999998, 0.01214879999999992, 0.027230399999999738], "C20R4": [0.0, 0.0, 0.0021431999999999996, 0.011102399999999926, 0.02648519999999975], "C305R6": [0.0, 0.00012000000000000002, 0.0030312000000000047, 0.017254799999999855, 0.03394200000000005], "C7R1": [0.0, 0.0, 0.0005508, 0.006094799999999985, 0.015151199999999879], "C406R6": [0.0, 0.0, 0.0002400000000000001, 0.003518400000000007, 0.009550799999999946], "C3R1": [0.0, 8.760000000000002e-05, 0.0009276000000000006, 0.005342399999999993, 0.014231999999999889], "C405R0": [0.0, 0.0, 0.0004236, 0.0036312000000000085, 0.009550799999999944], "C313R6": [0.0, 9.600000000000002e-05, 0.0032952000000000064, 0.017294399999999856, 0.035229600000000215],