{"C409R0": [0.0, 2.4000000000000004e-05, 0.00012000000000000002, 0.0009756000000000008, 0.002991600000000004], "C5R2": [0.0, 0.0, 0.0005520000000000001, 0.003526800000000008, 0.008063999999999962], "C9R3": [0.0, 9.600000000000002e-05, 0.0010560000000000005, 0.004335600000000005, 0.00899159999999995], "C14R2": [0.0, 0.0, 0.0005916000000000001, 0.0036240000000000083, 0.008567999999999956], "C303R0": [0.0, 2.4000000000000004e-05, 0.0007440000000000004, 0.004575600000000002, 0.01076759999999993], "C204R0": [0.0, 0.0, 0.0, 0.0, 0.0], "C203R6": [4.800000000000001e-05, 0.00047999999999999996, 0.004695600000000001, 0.016534799999999863, 0.02880719999999972], "C315R6": [0.0, 8.760000000000002e-05, 0.0007356000000000004, 0.004999199999999996, 0.010895999999999928], "C104R0": [0.0, 0.0, 0.0, 0.0, 0.0003], "C309R6": [0.0, 2.4000000000000004e-05, 0.0008316000000000006, 0.004606800000000002, 0.01148759999999992], "C10R3": [0.0, 2.4000000000000004e-05, 0.0007440000000000004, 0.0037752000000000094, 0.010437599999999936], "C205R0": [0.0, 0.00036, 0.004632000000000002, 0.016343999999999866, 0.029141999999999713], "C417R0": [0.0, 0.0, 0.0, 0.0, 0.0], "C102R6": [4.800000000000001e-05, 0.0013428000000000001, 0.012679199999999908, 0.03594240000000031, 0.05535960000000289], "C16R4": [0.0, 2.4000000000000004e-05, 0.00045599999999999997, 0.003576000000000008, 0.008879999999999952], "C311R0": [2.4000000000000004e-05, 7.200000000000002e-05, 0.0007920000000000005, 0.005191199999999996, 0.010647599999999932], "C7R3": [0.0, 0.0, 0.0006876000000000002, 0.0038712000000000104, 0.010295999999999935], "C314R6": [0.0, 0.0, 0.0, 0.00015, 0.0], "C101R0": [0.0, 0.0, 0.0, 0.0, 0.0], "C210R0": [0.0, 0.00031200000000000005, 0.005295599999999993, 0.017270399999999856, 0.029343599999999713], "C8R2": [0.0, 0.0, 0.0, 0.0, 0.0], "C308R6": [0.0, 4.800000000000001e-05, 0.0008628000000000006, 0.004967999999999998, 0.010839599999999928], "C208R6": [0.0, 0.00036, 0.004678800000000001, 0.015950399999999875, 0.02861519999999972], "C301R6": [0.0, 0.0, 0.0009036000000000007, 0.005079599999999996, 0.011303999999999923], "C7R2": [0.0, 2.4000000000000004e-05, 0.0008076000000000004, 0.003454800000000007, 0.008303999999999959], "C209R6": [0.0, 0.0003672, 0.004526400000000003, 0.016911599999999857, 0.028335599999999725], "C18R3": [0.0, 2.4000000000000004e-05, 0.0006720000000000003, 0.004263600000000006, 0.010559999999999932], "C103R6": [0.0, 0.0, 0.0, 0.00015, 0.00015], "C105R0": [4.800000000000001e-05, 0.0013031999999999998, 0.012998399999999905, 0.037382400000000496, 0.05452680000000276], "C13R4": [0.0, 0.0, 0.00015, 0.0, 0.0], "C24R2": [0.0, 0.0, 0.0, 0.0, 0.0], "C105R6": [7.200000000000002e-05, 0.0013835999999999998, 0.01252679999999991, 0.036493200000000385, 0.05519160000000286], "C19R4": [0.0, 0.0, 0.00047999999999999996, 0.0037596000000000088, 0.008791199999999954], "C6R3": [0.0, 2.4000000000000004e-05, 0.0007992000000000005, 0.004560000000000002, 0.009575999999999944], "C103R0": [2.4000000000000004e-05, 0.001272, 0.012766799999999908, 0.034414800000000106, 0.05427120000000274], "C312R0": [0.0, 4.800000000000001e-05, 0.0008076000000000004, 0.005127599999999996, 0.009983999999999939], "C201R6": [0.0, 0.00020760000000000006, 0.004591200000000003, 0.01595879999999987, 0.028798799999999722], "C303R6": [0.0, 2.4000000000000004e-05, 0.0013199999999999998, 0.004967999999999998, 0.010599599999999931], "C9R2": [0.0, 0.0, 0.0005988000000000001, 0.0032952000000000064, 0.007462799999999967], "C203R0": [0.0, 0.0002400000000000001, 0.0044640000000000036, 0.01698239999999986, 0.028031999999999727], "C3R1": [0.0, 0.0, 0.00012000000000000002, 0.0016871999999999987, 0.004551600000000002], "C209R0": [0.0, 0.0, 0.0, 0.0003, 0.00015], "C4R3": [0.0, 4.800000000000001e-05, 0.0007116000000000004, 0.004711200000000001, 0.01064759999999993], "C11R4": [0.0, 6.36e-05, 0.0006228000000000002, 0.0036312000000000085, 0.007895999999999964], "C9R1": [0.0, 0.0, 0.0002640000000000001, 0.0016559999999999988, 0.0047352], "C204R6": [0.0, 0.0002796000000000001, 0.004623600000000001, 0.016581599999999867, 0.028071599999999728], "C207R6": [0.0, 0.000384, 0.005095199999999997, 0.01680719999999986, 0.02892719999999972], "C202R6": [0.0, 0.0, 0.0, 0.00015, 0.0], "C102R0": [7.200000000000002e-05, 0.0010800000000000004, 0.012615599999999907, 0.0373668000000005, 0.051286800000002346], "C3R2": [0.0, 2.4000000000000004e-05, 0.0005436, 0.0032796000000000066, 0.00827999999999996], "C21R4": [0.0, 0.0, 0.0, 0.0, 0.0], "C101R6": [4.800000000000001e-05, 0.0015755999999999993, 0.011422799999999922, 0.03757560000000053, 0.05343720000000263], "C8R4": [0.0, 0.0, 0.0004476, 0.003120000000000005, 0.00822359999999996], "C208R0": [4.800000000000001e-05, 0.000384, 0.004591200000000003, 0.017143199999999855, 0.02759159999999973], "C8R3": [0.0, 6.36e-05, 0.0008880000000000007, 0.0046956, 0.010399199999999933], "C416R6": [0.0, 0.0, 0.00014400000000000003, 0.0010068000000000006, 0.003727200000000009], "C205R6": [2.4000000000000004e-05, 0.0003996, 0.004632000000000002, 0.016295999999999866, 0.029198399999999715], "C3R3": [0.0, 0.0, 0.0007836000000000004, 0.004639200000000001, 0.010407599999999934], "C6R1": [0.0, 0.0, 0.0, 0.0, 0.00015], "C304R6": [0.0, 9.600000000000002e-05, 0.0010152000000000006, 0.004752, 0.010479599999999933], "C16R3": [0.0, 0.0, 0.0007920000000000005, 0.004503600000000003, 0.01003919999999994], "C3R5": [0.0, 0.0, 0.00015, 0.0, 0.0003], "C413R0": [0.0, 0.0, 9.600000000000002e-05, 0.0010716000000000007, 0.0030240000000000045], "C401R0": [0.0, 0.0, 7.200000000000002e-05, 0.0009756000000000008, 0.0031440000000000053], "C24R1": [0.0, 0.0, 0.0002952, 0.001639199999999999, 0.004991999999999997], "C410R6": [0.0, 0.0, 0.00018360000000000004, 0.0013511999999999999, 0.0031440000000000053], "C310R0": [0.0, 2.4000000000000004e-05, 0.0006960000000000003, 0.0050867999999999955, 0.010318799999999937], "C207R0": [2.4000000000000004e-05, 0.00031200000000000005, 0.004726800000000001, 0.01619159999999987, 0.030087599999999704], "C20R1": [0.0, 0.0, 0.00019200000000000006, 0.001631999999999999, 0.004416000000000004], "C201R0": [0.0, 0.0002640000000000001, 0.004575600000000002, 0.017175599999999857, 0.028919999999999717], "C5R5": [0.0, 0.0, 0.00018360000000000004, 0.0015911999999999994, 0.0051035999999999955], "C308R0": [0.0, 4.800000000000001e-05, 0.0009360000000000007, 0.004080000000000008, 0.011182799999999927], "C15R2": [0.0, 0.0, 0.0006240000000000002, 0.003607200000000008, 0.008271599999999959], "C309R0": [0.0, 2.4000000000000004e-05, 0.0010872000000000008, 0.004750800000000001, 0.010119599999999937], "C13R3": [0.0, 8.76e-05, 0.0008796000000000007, 0.004599600000000001, 0.010279199999999935], "C22R5": [0.0, 0.0, 0.00018360000000000004, 0.0015119999999999992, 0.004776], "C313R6": [0.0, 2.4000000000000004e-05, 0.0006480000000000002, 0.005199599999999994, 0.01086359999999993], "C206R6": [0.0, 0.0003996, 0.005006399999999997, 0.017087999999999857, 0.027967199999999727], "C19R3": [0.0, 0.0, 0.0007920000000000005, 0.004327200000000005, 0.009367199999999947], "C15R5": [0.0, 0.0, 0.0, 0.0, 0.0], "C419R0": [0.0, 0.0, 0.00012000000000000002, 0.0015035999999999993, 0.0035280000000000077], "C13R2": [0.0, 9.600000000000002e-05, 0.00047159999999999997, 0.0030636000000000044, 0.007791599999999964], "C408R6": [0.0, 2.4000000000000004e-05, 4.800000000000001e-05, 0.0010236000000000006, 0.0035352000000000083], "C306R6": [0.0, 2.4000000000000004e-05, 0.0010320000000000006, 0.0055679999999999905, 0.01075199999999993], "C313R0": [0.0, 0.0, 0.0010080000000000006, 0.004959599999999998, 0.010831199999999928], "C210R6": [0.0, 0.0003756, 0.004608000000000002, 0.015999599999999867, 0.027375599999999736], "C304R0": [0.0, 7.200000000000002e-05, 0.0007440000000000004, 0.004695600000000001, 0.009815999999999941], "C20R4": [0.0, 0.0, 0.0008640000000000006, 0.0030228000000000047, 0.008815199999999954],