{"C303R6": [0.0, 0.00013560000000000002, 0.002631600000000002, 0.012982799999999906, 0.025622399999999757], "C17R1": [0.0, 2.4000000000000004e-05, 0.0003756, 0.004174800000000007, 0.01165439999999992], "C105R6": [0.00012000000000000002, 0.0033432000000000067, 0.030478799999999702, 0.08841119999999977, 0.13046039999999326], "C210R0": [0.0, 0.0010476000000000007, 0.01064759999999993, 0.03980640000000083, 0.06918240000000278], "C306R6": [0.0, 7.200000000000002e-05, 0.0021839999999999993, 0.011397599999999924, 0.024759599999999767], "C5R2": [0.0, 0.0, 0.0014315999999999995, 0.008182799999999962, 0.019695599999999827], "C16R5": [0.0, 0.0, 0.0006312000000000002, 0.004423200000000004, 0.011686799999999919], "C104R0": [0.0, 0.0, 0.0003, 0.0003, 0.0], "C202R0": [4.800000000000001e-05, 0.0009192000000000006, 0.010949999999999929, 0.04134240000000102, 0.07038360000000261], "C11R2": [0.0, 0.00013560000000000002, 0.0011760000000000002, 0.008247599999999959, 0.02015879999999982], "C20R3": [0.0, 7.200000000000002e-05, 0.0016235999999999991, 0.011095199999999928, 0.023983199999999778], "C4R3": [0.0, 0.00013560000000000002, 0.0021023999999999995, 0.010567199999999933, 0.024806399999999767], "C5R5": [0.0, 0.0, 0.0005196, 0.004639200000000002, 0.011919599999999917], "C310R6": [0.0, 9.600000000000002e-05, 0.001927199999999998, 0.012262799999999914, 0.02445479999999977], "C103R6": [0.0, 0.0, 0.00015, 0.0, 0.00015], "C18R2": [0.0, 7.200000000000002e-05, 0.0010152000000000006, 0.008391599999999957, 0.020127599999999822], "C12R4": [0.0, 0.00011160000000000002, 0.0013115999999999998, 0.00827039999999996, 0.019207199999999834], "C21R1": [0.0, 0.0, 0.0004236, 0.004006800000000008, 0.011350799999999921], "C315R0": [0.0, 0.00013560000000000002, 0.0014879999999999993, 0.012157199999999915, 0.02612639999999975], "C14R4": [0.0, 9.600000000000002e-05, 0.0014075999999999995, 0.008702399999999956, 0.018742799999999837], "C206R0": [2.4000000000000004e-05, 0.0011196000000000003, 0.011437199999999927, 0.04048680000000091, 0.07135920000000245], "C6R2": [0.0, 2.4000000000000004e-05, 0.0011040000000000004, 0.008374799999999958, 0.01927079999999983], "C20R5": [0.0, 0.0, 0.00036, 0.004639200000000001, 0.011055599999999928], "C102R0": [9.600000000000002e-05, 0.0030708000000000046, 0.031205999999999692, 0.08665200000000008, 0.1268063999999938], "C203R0": [0.0, 0.0009348000000000006, 0.011254799999999926, 0.03823080000000061, 0.06733440000000307], "C5R3": [0.0, 2.4000000000000004e-05, 0.0018959999999999982, 0.010742399999999932, 0.024830399999999767], "C308R0": [0.0, 7.200000000000002e-05, 0.0021587999999999993, 0.01253519999999991, 0.025279199999999762], "C9R5": [0.0, 0.0, 0.0005352, 0.003703200000000009, 0.011127599999999925], "C203R6": [0.0, 0.0011268000000000003, 0.010349999999999936, 0.040429200000000914, 0.07046880000000258], "C204R0": [0.0, 0.0, 0.0, 0.00015, 0.00015], "C9R3": [0.0, 0.00013560000000000002, 0.0013511999999999997, 0.01164719999999992, 0.02447159999999977], "C101R6": [7.200000000000002e-05, 0.0027516000000000025, 0.029333999999999714, 0.08724239999999998, 0.12858959999999356], "C306R0": [0.0, 0.00012000000000000002, 0.0021515999999999996, 0.013197599999999901, 0.027341999999999738], "C18R1": [0.0, 0.0, 0.0, 0.0, 0.0], "C103R0": [0.00012000000000000002, 0.003406800000000007, 0.02986919999999971, 0.08818799999999981, 0.13012439999999328], "C201R6": [0.0, 0.0010236000000000008, 0.011174399999999926, 0.041605200000001064, 0.06903960000000281], "C202R6": [0.0, 0.0, 0.00015, 0.00015, 0.0003], "C204R6": [0.0, 0.0009276000000000006, 0.01106039999999993, 0.0389508000000007, 0.06867120000000286], "C10R5": [0.0, 4.800000000000001e-05, 0.000432, 0.003927600000000009, 0.012029999999999917], "C414R6": [0.0, 0.0, 0.0, 0.0, 0.00015], "C7R1": [0.0, 0.0, 0.000384, 0.00380760000000001, 0.011055599999999926], "C201R0": [0.0, 0.0009672000000000007, 0.010455599999999933, 0.03942960000000077, 0.07027800000000262], "C6R5": [0.0, 0.0, 0.0002556000000000001, 0.0041340000000000075, 0.011399999999999922], "C415R0": [0.0, 0.0, 0.0002400000000000001, 0.0025836000000000023, 0.00819959999999996], "C208R6": [4.800000000000001e-05, 0.0008868000000000005, 0.010765199999999931, 0.040293600000000894, 0.06700560000000313], "C308R6": [0.0, 4.800000000000001e-05, 0.0022476, 0.011879999999999917, 0.026503199999999748], "C24R3": [0.0, 7.200000000000002e-05, 0.001559999999999999, 0.01086239999999993, 0.024463199999999772], "C19R3": [0.0, 0.00012000000000000002, 0.0013199999999999998, 0.010303199999999936, 0.023477999999999784], "C18R4": [0.0, 4.800000000000001e-05, 0.0012864000000000003, 0.008589599999999956, 0.02013479999999982], "C9R2": [0.0, 0.00023160000000000007, 0.0013032000000000002, 0.00825359999999996, 0.020527199999999815], "C4R5": [0.0, 2.4000000000000004e-05, 0.0006396000000000002, 0.0048156, 0.011551199999999923], "C209R0": [0.0, 0.0, 0.0, 0.0003, 0.0], "C19R1": [0.0, 0.0, 0.0004956, 0.0037584000000000085, 0.010791599999999929], "C102R6": [0.00012000000000000002, 0.0031440000000000053, 0.03000599999999971, 0.08860439999999975, 0.12901319999999344], "C313R6": [0.0, 2.4000000000000004e-05, 0.0021515999999999996, 0.010903199999999929, 0.02555879999999976], "C1R1": [0.0, 2.4000000000000004e-05, 0.0006000000000000002, 0.004032000000000009, 0.01178279999999992], "C15R2": [0.0, 0.0, 0.0015503999999999997, 0.007894799999999962, 0.019461599999999833], "C104R6": [0.00013560000000000002, 0.0031188000000000045, 0.02953919999999972, 0.08739719999999992, 0.13216439999999297], "C1R2": [0.0, 0.00015960000000000003, 0.0015347999999999998, 0.008333999999999958, 0.020743199999999812], "C3R4": [0.0, 2.4000000000000004e-05, 0.0013428, 0.008295599999999959, 0.01931879999999983], "C309R6": [0.0, 0.00012000000000000002, 0.0020627999999999987, 0.012334799999999911, 0.025279199999999762], "C303R0": [0.0, 9.600000000000002e-05, 0.0021744, 0.012478799999999908, 0.02559839999999976], "C3R3": [0.0, 0.0001116, 0.001958399999999998, 0.01071119999999993, 0.023335199999999782], "C16R2": [0.0, 0.0, 0.00015, 0.0003, 0.00015], "C7R2": [0.0, 9.600000000000002e-05, 0.0012552, 0.00831119999999996, 0.020206799999999824], "C2R4": [0.0, 2.4000000000000004e-05, 0.0010080000000000006, 0.00812639999999996, 0.020959199999999813], "C10R1": [0.0, 0.0, 0.0, 0.0, 0.00015], "C418R6": [0.0, 0.0, 0.00035160000000000004, 0.003126000000000004, 0.008359199999999957], "C7R5": [0.0, 0.0, 0.00015, 0.0, 0.0], "C10R2": [0.0, 0.0, 0.0011280000000000003, 0.008095199999999962, 0.019791599999999826], "C210R6": [0.00011160000000000002, 0.0007596000000000004, 0.010629599999999934, 0.04070040000000093, 0.07077120000000253], "C21R4": [0.0, 0.0, 0.0, 0.0003, 0.0], "C23R2": [0.0, 7.200000000000002e-05, 0.0012948, 0.008479199999999958, 0.018879599999999837], "C101R0": [0.0, 0.0, 0.0, 0.0, 0.00015], "C15R4": [0.0, 0.0, 0.0012072, 0.008311199999999958, 0.020686799999999814], "C207R0": [2.4000000000000004e-05, 0.0010476000000000005, 0.009902399999999941, 0.04158960000000106, 0.06941280000000274], "C16R3": [0.0, 4.800000000000001e-05, 0.0014471999999999998, 0.010557599999999934, 0.023927999999999776], "C6R4": [0.0, 2.4000000000000004e-05, 0.0016787999999999992, 0.00823919999999996, 0.020359199999999817], "C13R1": [0.0, 0.0, 0.00028800000000000006, 0.004039200000000008, 0.011966399999999917], "C7R3": [0.0, 0.00012000000000000002, 0.001671599999999999, 0.010391999999999934, 0.024439199999999772], "C13R3": [0.0, 0.00012000000000000002, 0.001582799999999999, 0.011582399999999922, 0.02462999999999977], "C403R0": [0.0, 0.0, 0.00043919999999999994, 0.0026784000000000022, 0.007711199999999965], "C12R1": [0.0, 0.0, 0.0004632, 0.004623600000000002, 0.011743199999999919], "C16R4": [0.0, 0.00013560000000000002, 0.0008076000000000004, 0.007983599999999962, 0.019783199999999827], "C8R5": [0.0, 2.4000000000000004e-05, 0.000432, 0.003958800000000008, 0.010143599999999938], "C304R0": [0.0, 7.200000000000002e-05, 0.0019595999999999984, 0.012893999999999907, 0.025006799999999763],