{"C104R0": [0.0, 0.0, 7.5e-05, 4.4999999999999996e-05, 0.00010499999999999999], "C12R4": [0.0, 2.4000000000000003e-06, 0.00017040000000000016, 0.0015678000000000046, 0.0051211199999998715], "C102R6": [7.2000000000000005e-06, 0.0004327200000000006, 0.0051286799999998725, 0.021424919999997353, 0.04115423999999424], "C104R6": [4.800000000000001e-06, 0.0003806400000000005, 0.005189639999999862, 0.02140475999999736, 0.041121119999994245], "C101R0": [0.0, 2.9999999999999997e-05, 0.00011999999999999999, 7.5e-05, 0.00016499999999999994], "C411R0": [0.0, 0.0, 4.475999999999999e-05, 0.0005524799999999994, 0.002051640000000015], "C5R1": [0.0, 3.96e-06, 7.752000000000002e-05, 0.0006212399999999981, 0.002906880000000036], "C9R4": [0.0, 0.0, 0.0, 7.5e-05, 1.4999999999999999e-05], "C16R5": [0.0, 3.96e-06, 6.155999999999997e-05, 0.000682799999999997, 0.0026883600000000307], "C1R3": [0.0, 1.5120000000000001e-05, 0.0001910400000000002, 0.002118960000000018, 0.006270839999999692], "C1R5": [0.0, 0.0, 4.9439999999999994e-05, 0.0007294799999999958, 0.0026838000000000313], "C24R2": [0.0, 0.0, 2.9999999999999997e-05, 2.9999999999999997e-05, 7.5e-05], "C22R5": [0.0, 0.0, 6.791999999999999e-05, 0.0007469999999999956, 0.002798760000000033], "C103R0": [7.2000000000000005e-06, 0.00034236000000000043, 0.00519455999999986, 0.021084479999997404, 0.04179971999999413], "C19R5": [0.0, 0.0, 1.4999999999999999e-05, 1.4999999999999999e-05, 1.4999999999999999e-05], "C306R6": [0.0, 1.4400000000000003e-05, 0.00034380000000000044, 0.002354160000000023, 0.006764399999999615], "C201R0": [0.0, 9.036000000000004e-05, 0.0017002800000000078, 0.009115439999999253, 0.020471999999997492], "C101R6": [0.0, 0.00041184000000000056, 0.005221439999999857, 0.02112119999999739, 0.04144499999999421], "C16R3": [0.0, 7.2000000000000005e-06, 0.00020712000000000023, 0.002044440000000016, 0.006147479999999713], "C414R6": [0.0, 0.0, 1.4999999999999999e-05, 0.0, 1.4999999999999999e-05], "C19R2": [0.0, 4.800000000000001e-06, 0.0001438800000000001, 0.0015348000000000035, 0.005065319999999879], "C20R3": [0.0, 9.600000000000001e-06, 0.0002190000000000002, 0.0020716800000000163, 0.006583319999999641], "C4R2": [0.0, 1.4999999999999999e-05, 0.0, 5.9999999999999995e-05, 4.4999999999999996e-05], "C12R3": [0.0, 1.2000000000000002e-05, 0.00018624000000000017, 0.002048640000000016, 0.0062257199999997], "C210R6": [4.800000000000001e-06, 7.835999999999999e-05, 0.0016932000000000075, 0.008787359999999305, 0.020742119999997456], "C16R4": [0.0, 9.600000000000001e-06, 0.00016476000000000012, 0.0014613600000000016, 0.004974719999999894], "C206R6": [0.0, 9.276000000000004e-05, 0.0017635200000000086, 0.008925359999999286, 0.02033423999999752], "C315R6": [0.0, 9.600000000000001e-06, 0.0003118800000000004, 0.0024237600000000252, 0.006946199999999587], "C204R0": [0.0, 0.0, 1.4999999999999999e-05, 5.9999999999999995e-05, 4.4999999999999996e-05], "C105R6": [1.3560000000000002e-05, 0.0003742800000000005, 0.005198399999999862, 0.020990159999997413, 0.04129943999999422], "C18R1": [0.0, 0.0, 0.0, 5.9999999999999995e-05, 4.4999999999999996e-05], "C105R0": [1.2000000000000002e-05, 0.0003934800000000005, 0.0052096799999998555, 0.021426479999997358, 0.041420039999994204], "C8R2": [0.0, 0.0, 1.4999999999999999e-05, 0.0, 0.00011999999999999999], "C19R1": [0.0, 0.0, 5.027999999999999e-05, 0.0006454799999999975, 0.00268836000000003], "C314R6": [0.0, 0.0, 4.4999999999999996e-05, 5.9999999999999995e-05, 4.4999999999999996e-05], "C207R0": [4.800000000000001e-06, 0.00011748000000000006, 0.0017492400000000085, 0.00866327999999932, 0.020185439999997536], "C301R6": [0.0, 7.2000000000000005e-06, 0.0002606400000000003, 0.0023426400000000217, 0.006900239999999594], "C10R2": [0.0, 4.800000000000001e-06, 0.00014880000000000012, 0.001578000000000005, 0.0049396799999999], "C24R5": [0.0, 0.0, 5.915999999999998e-05, 0.0006982799999999965, 0.0028821600000000364], "C315R0": [0.0, 7.2000000000000005e-06, 0.0002686800000000003, 0.002431560000000025, 0.006997199999999578], "C312R0": [0.0, 2.4000000000000003e-06, 0.0003135600000000004, 0.0023922000000000236, 0.007068239999999571], "C305R0": [0.0, 7.2000000000000005e-06, 0.00029664000000000036, 0.002556120000000027, 0.007208159999999549], "C301R0": [0.0, 1.4999999999999999e-05, 7.5e-05, 7.5e-05, 4.4999999999999996e-05], "C13R5": [0.0, 2.4000000000000003e-06, 5.1959999999999984e-05, 0.0007286399999999958, 0.0029107200000000368], "C15R3": [0.0, 7.92e-06, 0.00023040000000000026, 0.0020524800000000162, 0.006269879999999695], "C208R6": [0.0, 8.316e-05, 0.0017244000000000077, 0.009040559999999268, 0.020332319999997503], "C14R2": [0.0, 8.76e-06, 0.00014796000000000012, 0.0014211600000000012, 0.005089079999999878], "C103R6": [0.0, 1.4999999999999999e-05, 0.00011999999999999999, 0.00011999999999999999, 4.4999999999999996e-05], "C209R6": [0.0, 9.360000000000003e-05, 0.0017994000000000098, 0.009008279999999265, 0.02030159999999751], "C206R0": [0.0, 0.00010620000000000006, 0.00180672000000001, 0.008814359999999301, 0.020334359999997515], "C10R3": [0.0, 7.2000000000000005e-06, 0.00024312000000000026, 0.0019662000000000143, 0.006269879999999694], "C18R5": [0.0, 0.0, 6.071999999999998e-05, 0.0006909599999999967, 0.0028172400000000338], "C21R4": [0.0, 1.4999999999999999e-05, 2.9999999999999997e-05, 2.9999999999999997e-05, 4.4999999999999996e-05], "C313R6": [0.0, 4.800000000000001e-06, 0.0003199200000000004, 0.0024028800000000243, 0.0068701199999996], "C303R0": [0.0, 1.3560000000000002e-05, 0.0003134400000000004, 0.0023932800000000237, 0.006922079999999593], "C24R4": [0.0, 2.4000000000000003e-06, 0.00016716000000000015, 0.0015524400000000035, 0.005162759999999866], "C203R0": [0.0, 8.556000000000001e-05, 0.001757160000000009, 0.008640119999999325, 0.020748839999997448], "C204R6": [2.4000000000000003e-06, 0.00010236000000000003, 0.0016554000000000063, 0.00911663999999926, 0.02025251999999753], "C4R4": [0.0, 9.600000000000001e-06, 0.0001830000000000002, 0.0015770400000000048, 0.005117999999999873], "C202R0": [0.0, 7.992000000000002e-05, 0.0016540800000000063, 0.009168479999999252, 0.019980839999997568], "C18R3": [0.0, 4.800000000000001e-06, 0.0002606400000000003, 0.002052360000000016, 0.006362039999999676], "C22R2": [0.0, 2.4000000000000003e-06, 0.00017112000000000014, 0.0015986400000000047, 0.00512831999999987], "C7R2": [0.0, 2.4000000000000003e-06, 0.00015912000000000014, 0.0016741200000000075, 0.005005799999999889], "C302R6": [0.0, 2.0760000000000005e-05, 0.00034152000000000043, 0.0024436800000000257, 0.007097279999999562], "C13R1": [0.0, 3.96e-06, 5.759999999999998e-05, 0.0006829199999999969, 0.0027243600000000324], "C209R0": [0.0, 0.0, 4.4999999999999996e-05, 4.4999999999999996e-05, 2.9999999999999997e-05], "C1R2": [0.0, 0.0, 0.00017508000000000015, 0.0016075200000000055, 0.004914119999999904], "C6R1": [0.0, 0.0, 0.0, 0.0, 1.4999999999999999e-05], "C2R4": [0.0, 6.36e-06, 0.00015192000000000013, 0.0015813600000000047, 0.005240279999999854], "C5R5": [0.0, 0.0, 6.539999999999999e-05, 0.0007268399999999959, 0.0028401600000000334], "C18R4": [0.0, 2.4000000000000003e-06, 0.00016308000000000013, 0.0016852800000000073, 0.0051789599999998645], "C12R2": [0.0, 0.0, 5.9999999999999995e-05, 4.4999999999999996e-05, 1.4999999999999999e-05], "C1R1": [0.0, 2.4000000000000003e-06, 6.155999999999997e-05, 0.0007867199999999947, 0.0027109200000000316], "C208R0": [0.0, 5.351999999999998e-05, 0.0017707200000000088, 0.008931479999999282, 0.020284799999997525], "C3R3": [0.0, 1.5120000000000001e-05, 0.00022536000000000027, 0.0019620000000000145, 0.006391559999999673], "C21R2": [0.0, 6.36e-06, 0.00012552000000000006, 0.0016164000000000052, 0.005034719999999885], "C11R5": [0.0, 0.0, 1.4999999999999999e-05, 1.4999999999999999e-05, 5.9999999999999995e-05], "C203R6": [0.0, 0.00010392000000000004, 0.001734600000000008, 0.0088222799999993, 0.0203751599999975], "C9R2": [0.0, 3.96e-06, 0.0001303200000000001, 0.0015644400000000037, 0.005014799999999887],