{"C9R3": [0.0, 2.4000000000000004e-05, 0.0009192000000000007, 0.005494799999999991, 0.01804679999999985], "C1R3": [0.0, 4.800000000000001e-05, 0.0010716000000000005, 0.0054791999999999905, 0.020367599999999816], "C8R2": [0.0, 0.0, 0.0, 0.0, 0.0003], "C104R6": [2.4000000000000004e-05, 0.0010560000000000005, 0.01514279999999988, 0.061490400000003685, 0.12160319999999464], "C15R2": [0.0, 2.4000000000000004e-05, 0.00035160000000000004, 0.004366800000000004, 0.01499159999999988], "C15R5": [0.0, 0.0, 0.00015, 0.0003, 0.00015], "C210R6": [0.0, 0.00047999999999999996, 0.004991999999999997, 0.02756279999999974, 0.06183000000000374], "C18R5": [0.0, 0.0, 0.00014400000000000003, 0.0022236, 0.008486399999999956], "C18R1": [0.0, 0.0, 0.0, 0.0, 0.00015], "C201R0": [2.4000000000000004e-05, 0.0003756, 0.004887599999999998, 0.025949999999999755, 0.06166920000000372], "C2R4": [0.0, 0.0, 0.0006636000000000003, 0.005054399999999997, 0.01595879999999987], "C17R3": [0.0, 0.0, 0.0009660000000000005, 0.005054399999999995, 0.018070799999999845], "C305R0": [0.0, 6.36e-05, 0.0011280000000000003, 0.007183199999999971, 0.02034239999999982], "C20R2": [0.0, 0.0, 0.0003, 0.0, 0.00015], "C9R2": [0.0, 0.0, 0.0007272000000000003, 0.004182000000000006, 0.015045599999999885], "C12R3": [0.0, 2.4000000000000004e-05, 0.0006396000000000002, 0.005959199999999986, 0.01759919999999985], "C105R0": [0.0, 0.0013595999999999997, 0.015212399999999886, 0.061453200000003684, 0.12793079999999366], "C21R1": [0.0, 0.0, 0.00021600000000000007, 0.002182799999999999, 0.009566399999999945], "C304R6": [0.0, 6.36e-05, 0.0015107999999999994, 0.007191599999999972, 0.02027159999999982], "C16R5": [0.0, 0.0, 0.0002400000000000001, 0.0022956000000000005, 0.007942799999999963], "C302R6": [0.0, 2.4000000000000004e-05, 0.0011112000000000008, 0.00739799999999997, 0.022749599999999794], "C204R0": [0.0, 0.0, 0.0003, 0.0003, 0.0003], "C103R0": [2.4000000000000004e-05, 0.0015119999999999992, 0.01444679999999989, 0.06370920000000364, 0.12317159999999439], "C4R2": [0.0, 0.0, 0.0, 0.0, 0.0003], "C7R1": [0.0, 0.0, 0.00018360000000000004, 0.0022872, 0.007862399999999964], "C10R4": [0.0, 7.200000000000002e-05, 0.00031200000000000005, 0.0035748000000000077, 0.014830799999999882], "C23R5": [0.0, 0.0, 0.0, 0.00015, 0.0], "C22R2": [0.0, 4.800000000000001e-05, 0.00031200000000000005, 0.004534800000000003, 0.01567079999999987], "C308R6": [0.0, 2.4000000000000004e-05, 0.0006000000000000002, 0.00657479999999998, 0.02041439999999982], "C6R1": [0.0, 0.0, 0.00015, 0.00015, 0.0], "C19R4": [0.0, 4.800000000000001e-05, 0.0006228000000000002, 0.004359600000000005, 0.015230399999999878], "C102R6": [0.0, 0.001623599999999999, 0.014932799999999887, 0.061772400000003724, 0.12773519999999366], "C208R6": [0.0, 0.00045599999999999997, 0.004663200000000001, 0.026374799999999747, 0.061956000000003765], "C7R3": [0.0, 0.00013560000000000002, 0.0008952000000000006, 0.006167999999999983, 0.019654799999999827], "C15R3": [0.0, 0.0, 0.0007116000000000003, 0.005950799999999986, 0.01788599999999985], "C207R6": [0.0, 0.00046319999999999993, 0.005158799999999996, 0.025468799999999764, 0.0579324000000032], "C105R6": [2.4000000000000004e-05, 0.0012636, 0.014878799999999883, 0.06250920000000383, 0.12320159999999439], "C102R0": [0.0, 0.0014075999999999995, 0.014686799999999884, 0.061858800000003746, 0.126111599999994], "C5R4": [0.0, 0.0, 0.0, 0.00015, 0.0], "C23R4": [0.0, 0.0, 0.0005436000000000001, 0.005141999999999995, 0.016127999999999868], "C11R4": [0.0, 2.4000000000000004e-05, 0.0004152, 0.004423200000000004, 0.014198399999999892], "C22R4": [0.0, 2.4000000000000004e-05, 0.0004236, 0.004142400000000007, 0.016382399999999867], "C21R3": [0.0, 4.800000000000001e-05, 0.0006552000000000002, 0.005359199999999993, 0.01927079999999983], "C207R0": [0.0, 0.00030360000000000006, 0.004479600000000004, 0.02565359999999976, 0.05946120000000341], "C302R0": [0.0, 0.00012000000000000002, 0.0008472000000000005, 0.007495199999999968, 0.02139719999999981], "C203R6": [0.0, 0.00047999999999999996, 0.004623600000000001, 0.026157599999999757, 0.062172000000003766], "C306R6": [0.0, 2.4000000000000004e-05, 0.0010632000000000005, 0.006566399999999978, 0.01959839999999983], "C202R0": [0.0, 0.0004715999999999999, 0.0050135999999999965, 0.026627999999999753, 0.0625980000000038], "C10R3": [0.0, 0.0, 0.0006240000000000002, 0.005926799999999986, 0.017237999999999858], "C101R6": [2.4000000000000004e-05, 0.0015191999999999996, 0.015323999999999881, 0.06326280000000371, 0.12690599999999383], "C24R4": [0.0, 2.4000000000000004e-05, 0.0006636000000000002, 0.0044472000000000044, 0.015124799999999883], "C7R5": [0.0, 0.0, 0.0, 0.0, 0.00015], "C206R0": [0.0, 0.0003756, 0.004821599999999997, 0.02517479999999976, 0.06066000000000358], "C103R6": [0.0, 0.0, 0.0003, 0.00015, 0.0003], "C208R0": [0.0, 0.0004476, 0.004567200000000002, 0.026428799999999752, 0.06070080000000359], "C9R4": [0.0, 0.0, 0.0, 0.00015, 0.0], "C205R6": [0.0, 0.000408, 0.005054399999999996, 0.02486159999999977, 0.060620400000003564], "C11R3": [0.0, 3.96e-05, 0.0006240000000000002, 0.005782799999999988, 0.019094399999999838], "C209R6": [0.0, 0.00045599999999999997, 0.00563159999999999, 0.02659679999999975, 0.059763600000003456], "C312R6": [0.0, 4.800000000000001e-05, 0.0009996000000000009, 0.006741599999999977, 0.02134199999999981], "C204R6": [0.0, 0.0005520000000000001, 0.004533600000000003, 0.024874799999999773, 0.06069480000000358], "C315R0": [0.0, 0.00012000000000000002, 0.0010392000000000005, 0.007142399999999972, 0.020757599999999817], "C2R5": [0.0, 0.0, 0.00015960000000000003, 0.0021275999999999995, 0.008743199999999953], "C417R0": [0.0, 0.0, 0.0, 0.00015, 0.0], "C9R1": [0.0, 0.0, 0.00016800000000000004, 0.0018875999999999984, 0.00803879999999996], "C301R0": [0.0, 0.0, 0.0, 0.0, 0.00015], "C17R4": [0.0, 0.0, 0.0, 0.0, 0.00015], "C205R0": [0.0, 0.00033600000000000004, 0.004798800000000001, 0.023919599999999774, 0.057325200000003136], "C101R0": [0.0, 0.00015, 0.0, 0.00045, 0.00045], "C14R3": [0.0, 0.0, 0.0006156000000000002, 0.005911199999999986, 0.017950799999999847], "C104R0": [0.0, 0.0, 0.0, 0.0003, 0.00045], "C19R1": [0.0, 0.0, 0.00016800000000000004, 0.002159999999999999, 0.008623199999999954], "C3R5": [0.0, 0.0, 0.0, 0.0, 0.0], "C307R6": [0.0, 0.0, 0.0, 0.0, 0.00015], "C13R5": [0.0, 0.0, 0.00019920000000000004, 0.0020075999999999983, 0.0073103999999999695], "C13R4": [0.0, 0.0, 0.0, 0.0, 0.00015], "C10R1": [0.0, 0.0, 0.0, 0.0, 0.0003], "C6R2": [0.0, 2.4000000000000004e-05, 0.0005676000000000001, 0.004015200000000009, 0.01683119999999986], "C313R0": [0.0, 2.4000000000000004e-05, 0.0011916000000000003, 0.007303199999999971, 0.02040599999999982], "C303R6": [0.0, 4.800000000000001e-05, 0.0006960000000000003, 0.006814799999999975, 0.021607199999999802], "C20R3": [0.0, 2.4000000000000004e-05, 0.0008640000000000006, 0.006302399999999982, 0.017950799999999847], "C16R2": [0.0, 0.0, 0.0, 0.00015, 0.0], "C12R5": [0.0, 0.0, 0.00012000000000000002, 0.0020159999999999983, 0.008535599999999956], "C301R6": [0.0, 7.200000000000002e-05, 0.0008400000000000006, 0.007078799999999974, 0.021687599999999804], "C6R4": [0.0, 2.4000000000000004e-05, 0.0004392, 0.004495200000000003, 0.01505519999999988], "C4R4": [0.0, 0.0, 0.00045599999999999997, 0.004294800000000005, 0.015415199999999876], "C201R6": [0.0, 0.0002400000000000001, 0.005734799999999989, 0.026222399999999754, 0.06147720000000369], "C4R1": [0.0, 0.0, 0.0003036, 0.001671599999999999, 0.008055599999999961], "C17R5": [0.0, 0.0, 0.0002556000000000001, 0.001935599999999998, 0.007687199999999966], "C206R6": [0.0, 0.00036, 0.004863599999999998, 0.025732799999999757, 0.059894400000003484], "C311R6": [0.0, 2.4000000000000004e-05, 0.0009192000000000007, 0.006662399999999978, 0.01984439999999983], "C312R0": [0.0, 0.0, 0.0005916000000000002, 0.006703199999999978, 0.021549599999999808], "C202R6": [0.0, 0.00015, 0.0, 0.0, 0.00045],