{"C102R0": [0.0, 0.0006480000000000002, 0.011165999999999928, 0.04251720000000117, 0.08219640000000077], "C4R5": [0.0, 0.0, 0.0002400000000000001, 0.0017915999999999984, 0.005911199999999986], "C210R0": [0.0, 0.00016800000000000004, 0.0034560000000000072, 0.01951799999999983, 0.0427416000000012], "C209R0": [0.0, 0.0, 0.0, 0.0003, 0.00015], "C14R3": [0.0, 2.4000000000000004e-05, 0.0005196, 0.004558800000000002, 0.012302399999999911], "C20R3": [0.0, 2.4000000000000004e-05, 0.0007272000000000003, 0.0047436, 0.012607199999999909], "C23R5": [0.0, 0.0, 0.0, 0.0, 0.0], "C5R3": [0.0, 0.0, 0.00028800000000000006, 0.004183200000000007, 0.012670799999999907], "C312R0": [0.0, 2.4000000000000004e-05, 0.00047999999999999996, 0.004479600000000004, 0.014663999999999884], "C4R4": [0.0, 0.0, 0.00028800000000000006, 0.003286800000000007, 0.010462799999999932], "C204R0": [0.0, 0.0, 0.0, 0.0003, 0.00015], "C303R0": [0.0, 0.0, 0.0007680000000000005, 0.005215199999999994, 0.014407199999999887], "C21R3": [0.0, 0.0, 0.000384, 0.004126800000000008, 0.013735199999999895], "C102R6": [0.0, 0.0006156000000000002, 0.010687199999999931, 0.04116600000000101, 0.08252520000000071], "C18R2": [0.0, 2.4000000000000004e-05, 0.0003756, 0.003583200000000008, 0.010301999999999936], "C7R4": [0.0, 0.0, 0.00035160000000000004, 0.002935200000000004, 0.010847999999999929], "C14R5": [0.0, 0.0, 0.00023160000000000005, 0.0017591999999999985, 0.00564719999999999], "C16R1": [0.0, 3.96e-05, 9.600000000000002e-05, 0.001623599999999999, 0.005807999999999988], "C202R0": [0.0, 0.00021600000000000007, 0.003384000000000007, 0.018182399999999845, 0.0420372000000011], "C10R4": [0.0, 0.0, 0.00023160000000000007, 0.003079200000000005, 0.009718799999999942], "C16R4": [0.0, 2.4000000000000004e-05, 0.00036, 0.0029592000000000043, 0.010791599999999929], "C105R0": [6.36e-05, 0.0008796000000000007, 0.011278799999999926, 0.04221480000000114, 0.08623800000000013], "C203R0": [0.0, 0.00021600000000000007, 0.0033996000000000074, 0.018862799999999836, 0.042031200000001115], "C8R2": [0.0, 0.0, 0.0, 0.0, 0.0], "C104R0": [0.0, 0.00015, 0.0, 0.00015, 0.00015], "C418R6": [0.0, 0.0, 7.200000000000002e-05, 0.0011040000000000004, 0.0034872000000000076], "C9R2": [0.0, 2.4000000000000004e-05, 0.00031200000000000005, 0.003614400000000008, 0.01070399999999993], "C103R0": [0.0, 0.0007596000000000005, 0.010325999999999936, 0.04323000000000128, 0.08263080000000068], "C8R4": [0.0, 2.4000000000000004e-05, 0.00033600000000000004, 0.0032064000000000055, 0.010534799999999931], "C207R6": [0.0, 0.00019200000000000006, 0.0031116000000000056, 0.01876559999999984, 0.04071120000000095], "C104R6": [0.0, 0.0009120000000000007, 0.010390799999999934, 0.041829600000001084, 0.08207760000000076], "C12R4": [0.0, 0.0, 7.200000000000002e-05, 0.003720000000000009, 0.008830799999999951], "C105R6": [0.0, 0.0007836000000000005, 0.010246799999999938, 0.04388520000000137, 0.08094240000000094], "C3R3": [0.0, 0.0, 0.0005676000000000001, 0.004008000000000009, 0.012430799999999912], "C2R3": [0.0, 0.0, 0.0005676000000000001, 0.004471200000000003, 0.013543199999999898], "C203R6": [0.0, 0.00018360000000000004, 0.0035184000000000075, 0.017509199999999857, 0.04108680000000099], "C13R3": [0.0, 0.0, 0.0004955999999999999, 0.004190400000000007, 0.012119999999999914], "C308R0": [0.0, 2.4000000000000004e-05, 0.000408, 0.0047675999999999994, 0.01506119999999988], "C9R4": [0.0, 0.0, 0.0, 0.0, 0.00015], "C101R0": [0.0, 0.00015, 0.0, 0.0, 0.0], "C3R2": [0.0, 0.0, 0.000384, 0.0031272000000000053, 0.01099079999999993], "C19R3": [0.0, 2.4000000000000004e-05, 0.00045599999999999997, 0.004407600000000004, 0.012574799999999909], "C7R5": [0.0, 0.0, 0.0, 0.0, 0.0], "C204R6": [0.0, 0.00012000000000000002, 0.0035916000000000086, 0.01693439999999986, 0.04180560000000108], "C202R6": [0.0, 0.0, 0.0, 0.0003, 0.00015], "C206R6": [0.0, 9.600000000000002e-05, 0.0037356000000000086, 0.017350799999999854, 0.04081440000000096], "C313R0": [0.0, 0.0, 0.00028800000000000006, 0.005126399999999995, 0.013735199999999895], "C311R0": [0.0, 0.0, 0.0006000000000000002, 0.004263600000000006, 0.01405559999999989], "C307R0": [0.0, 0.0, 0.0007188000000000003, 0.004877999999999998, 0.013623599999999897], "C12R2": [0.0, 0.0, 0.0, 0.0, 0.00015], "C210R6": [0.0, 0.00016800000000000004, 0.003655200000000008, 0.018173999999999847, 0.04160640000000106], "C6R1": [0.0, 0.0, 0.0, 0.00015, 0.00015], "C206R0": [0.0, 0.00016800000000000004, 0.003015600000000005, 0.01775039999999985, 0.041158800000001], "C310R0": [0.0, 0.0, 0.0005520000000000001, 0.004366800000000005, 0.013750799999999896], "C308R6": [0.0, 0.0, 0.0007116000000000004, 0.004318800000000006, 0.01507079999999988], "C22R3": [0.0, 2.4000000000000004e-05, 0.00047999999999999996, 0.004095600000000008, 0.013078799999999904], "C18R3": [0.0, 0.0, 0.00045599999999999997, 0.004255200000000006, 0.012806399999999909], "C15R3": [0.0, 4.800000000000001e-05, 0.00033600000000000004, 0.003934800000000009, 0.012247199999999913], "C201R0": [0.0, 0.00012000000000000002, 0.004078800000000008, 0.017966399999999848, 0.04288560000000124], "C310R6": [0.0, 0.0, 0.0008556000000000006, 0.004687200000000001, 0.013438799999999898], "C207R0": [0.0, 0.00014400000000000003, 0.003159600000000006, 0.018875999999999844, 0.04083600000000094], "C103R6": [0.0, 0.0, 0.0, 0.0, 0.0], "C17R5": [0.0, 0.0, 0.00017520000000000003, 0.0015035999999999995, 0.005631599999999989], "C22R4": [0.0, 2.4000000000000004e-05, 0.00019200000000000006, 0.0030000000000000044, 0.010694399999999936], "C402R6": [0.0, 0.0, 4.800000000000001e-05, 0.0009036000000000006, 0.003639600000000009], "C205R0": [0.0, 0.00018360000000000004, 0.0033984000000000076, 0.018262799999999843, 0.03967080000000081], "C410R6": [0.0, 0.0, 4.800000000000001e-05, 0.0008316000000000005, 0.004344000000000005], "C315R0": [0.0, 2.4000000000000004e-05, 0.000408, 0.0047352, 0.013790399999999895], "C1R2": [0.0, 0.0, 0.00031200000000000005, 0.0034068000000000076, 0.010959599999999929], "C17R2": [0.0, 0.0, 0.00033600000000000004, 0.0032316000000000063, 0.01076759999999993], "C20R1": [0.0, 0.0, 0.0002556000000000001, 0.0013679999999999996, 0.006031199999999985], "C24R4": [0.0, 0.0, 0.0002400000000000001, 0.0031680000000000054, 0.010287599999999935], "C24R2": [0.0, 0.0, 0.0, 0.00015, 0.0], "C306R0": [0.0, 0.0, 0.0008148000000000004, 0.004999199999999997, 0.014095199999999891], "C6R5": [0.0, 0.0, 4.800000000000001e-05, 0.0012396000000000002, 0.006703199999999978], "C305R6": [0.0, 0.0, 0.0008400000000000006, 0.0052931999999999944, 0.014318399999999891], "C309R0": [0.0, 2.4000000000000004e-05, 0.000504, 0.004647600000000002, 0.013702799999999897], "C314R6": [0.0, 0.0, 0.00015, 0.0, 0.0], "C22R2": [0.0, 0.0, 0.00016800000000000004, 0.0036156000000000087, 0.010159199999999938], "C1R3": [0.0, 6.36e-05, 0.0003756, 0.00397560000000001, 0.013606799999999898], "C19R4": [0.0, 0.0, 0.00033600000000000004, 0.0033024000000000057, 0.010111199999999938], "C307R6": [0.0, 0.0, 0.0, 0.0, 0.0], "C1R1": [0.0, 0.0, 4.800000000000001e-05, 0.0012312000000000004, 0.0060551999999999846], "C314R0": [0.0, 2.4000000000000004e-05, 0.0005520000000000001, 0.004855199999999998, 0.014079599999999892], "C101R6": [0.0, 0.0008400000000000006, 0.010437599999999934, 0.04283760000000122, 0.08622240000000013], "C306R6": [0.0, 2.4000000000000004e-05, 0.0004392, 0.005151599999999996, 0.013407599999999898], "C6R3": [0.0, 0.0, 0.0006240000000000002, 0.004503600000000003, 0.0133355999999999], "C17R4": [0.0, 0.0, 0.0, 0.0, 0.00015], "C401R0": [0.0, 0.0, 9.600000000000002e-05, 0.0007116000000000004, 0.003183600000000005], "C21R4": [0.0, 0.0, 0.0, 0.0, 0.00015], "C6R2": [0.0, 0.0, 0.00028800000000000006, 0.0027828000000000032, 0.009663599999999944], "C304R6": [0.0, 2.4000000000000004e-05, 0.0007920000000000005, 0.004471200000000003, 0.013855199999999894], "C201R6": [0.0, 0.00014400000000000003, 0.0036720000000000086, 0.018917999999999838, 0.04279080000000122],