{"C24R3": [0.0, 0.0015444000000000011, 0.005651279999999997, 0.009111359999999995, 0.004223040000000001], "C3R4": [0.0, 0.001418640000000001, 0.0076984799999999945, 0.00826271999999999, 0.0036832800000000036], "C301R0": [0.00045, 0.009300000000000006, 0.025350000000000095, 0.016800000000000048, 0.005999999999999999], "C3R2": [0.0, 0.0009345599999999998, 0.006825599999999995, 0.007685999999999993, 0.0034528800000000024], "C1R5": [0.0, 0.0006420000000000001, 0.005032319999999997, 0.006548639999999996, 0.003591840000000001], "C103R0": [3.168e-05, 0.0011968800000000002, 0.0029469600000000015, 0.0019087200000000007, 0.003486000000000004], "C3R3": [0.0, 0.0018302400000000016, 0.007134479999999996, 0.008979119999999991, 0.003978000000000003], "C23R2": [3.168e-05, 0.00124416, 0.0066038399999999945, 0.00836495999999999, 0.004316399999999999], "C1R1": [0.0, 0.0004596, 0.00515832, 0.007333439999999994, 0.0042120000000000005], "C2R5": [0.0, 0.0008078399999999999, 0.004707599999999998, 0.008875919999999999, 0.005789999999999998], "C401R0": [0.0, 0.00024552, 0.003407519999999999, 0.006039839999999996, 0.00436224], "C301R6": [3.168e-05, 0.0014268000000000004, 0.005334719999999998, 0.006741359999999996, 0.003937440000000002], "C24R5": [0.0, 0.00072072, 0.005578319999999999, 0.00985775999999999, 0.005805119999999997], "C11R1": [0.0, 0.0, 0.00038040000000000003, 0.0005716800000000001, 0.00050808], "C24R1": [0.0, 0.0009424799999999998, 0.005627279999999999, 0.008156639999999993, 0.005187359999999997], "C23R1": [0.0, 0.0005073600000000001, 0.00459816, 0.005366399999999999, 0.004062480000000002], "C104R0": [0.00105, 0.006299999999999999, 0.005999999999999999, 0.0029999999999999996, 0.018600000000000057], "C104R6": [0.00013488, 0.0013084800000000003, 0.0029128800000000005, 0.002014559999999999, 0.004293119999999999], "C2R1": [0.0, 0.008850000000000004, 0.029550000000000118, 0.023100000000000082, 0.0017999999999999997], "C23R3": [0.00013464, 0.0019332000000000017, 0.008044079999999993, 0.009249119999999991, 0.004612560000000002], "C101R0": [0.0017999999999999997, 0.013950000000000032, 0.012150000000000022, 0.018450000000000057, 0.03480000000000007], "C24R2": [0.00105, 0.011550000000000019, 0.03225000000000011, 0.016350000000000045, 0.0037499999999999994], "C12R1": [0.0, 7.128000000000001e-05, 0.00030144, 0.0005942399999999999, 0.00027024], "C4R2": [0.0003, 0.006899999999999999, 0.01875000000000006, 0.009750000000000009, 0.0003], "C24R4": [0.0, 0.00111696, 0.006111839999999995, 0.008110799999999994, 0.003972480000000001], "C101R6": [0.0, 0.002292240000000002, 0.005383439999999997, 0.005630399999999995, 0.00863543999999999], "C3R1": [0.0, 0.00036432, 0.004469759999999999, 0.005755919999999998, 0.003212880000000002], "C4R1": [0.0, 0.00024552000000000005, 0.0031946400000000016, 0.003497280000000002, 0.0020460000000000014], "C1R3": [0.0, 0.0016324800000000013, 0.006278159999999997, 0.006361679999999994, 0.0032608800000000016], "C201R6": [3.96e-05, 0.0019516800000000012, 0.004705919999999997, 0.006270719999999993, 0.00383496], "C302R6": [0.0, 0.0011649600000000003, 0.004408079999999999, 0.006169679999999997, 0.003870000000000001], "C203R0": [3.96e-05, 0.0012993600000000005, 0.002968320000000003, 0.002898480000000001, 0.0018384000000000002], "C3R5": [0.0, 0.0050999999999999995, 0.022350000000000078, 0.012000000000000021, 0.0012], "C403R0": [0.0, 0.00015047999999999998, 0.0024088800000000017, 0.004461119999999998, 0.003780960000000002], "C15R4": [0.0, 5.568000000000001e-05, 0.00048384000000000003, 0.0010547999999999996, 0.0003888], "C6R2": [0.0, 0.00022992, 0.001649760000000001, 0.001778400000000001, 0.0012859200000000005], "C304R6": [0.0, 0.0007051199999999999, 0.0016816800000000014, 0.002275920000000001, 0.001604640000000001], "C7R4": [0.0, 0.00029304, 0.0017450400000000015, 0.0013413600000000004, 0.0015235200000000004], "C7R5": [0.0, 0.00105, 0.0045, 0.0031499999999999996, 0.0008999999999999999], "C19R5": [0.0, 0.0007499999999999999, 0.005399999999999999, 0.005549999999999999, 0.0024], "C13R1": [0.0, 7.92e-05, 0.00038856000000000003, 0.00051552, 0.0005865599999999999], "C7R2": [0.0, 0.00013464, 0.0013154400000000006, 0.0017601600000000013, 0.00101568], "C8R5": [0.0, 0.00011928000000000001, 0.00073728, 0.0010396799999999999, 0.0009047999999999999], "C5R3": [0.0, 0.0006180000000000001, 0.0023227200000000016, 0.0036976800000000035, 0.0021278400000000015], "C4R5": [0.0, 0.00025344, 0.00252816, 0.004353840000000002, 0.0023172000000000015], "C305R6": [0.0, 0.0003803999999999999, 0.0013166400000000002, 0.0020692800000000015, 0.0012300000000000006], "C2R2": [0.0, 0.00106152, 0.006445199999999998, 0.007991519999999992, 0.004586400000000001], "C2R3": [0.0, 0.0014656800000000009, 0.007569839999999997, 0.008958479999999984, 0.004712160000000001], "C303R6": [0.0, 0.0005073600000000001, 0.0025053600000000003, 0.0037423200000000004, 0.0025864800000000017], "C4R4": [0.0, 0.00058632, 0.00445488, 0.004031040000000001, 0.003063120000000001], "C22R5": [0.0, 0.00035640000000000004, 0.0024960000000000017, 0.0034730400000000023, 0.002285040000000002], "C206R6": [0.0, 0.0005472000000000001, 0.0009050399999999999, 0.00112848, 0.0012871200000000005], "C1R4": [0.00045, 0.014850000000000037, 0.024900000000000092, 0.01350000000000003, 0.00015], "C13R2": [0.0, 0.00011088, 0.00022224000000000004, 0.00037247999999999996, 0.00027096], "C105R6": [7.92e-05, 0.0019188000000000018, 0.0036024000000000013, 0.00437712, 0.004186080000000001], "C21R2": [7.128000000000001e-05, 0.0007060799999999999, 0.0029397600000000005, 0.0033232800000000005, 0.0019051200000000008], "C402R6": [0.0, 0.00033263999999999993, 0.004420559999999999, 0.005573039999999999, 0.0030852000000000015], "C314R6": [0.00015, 0.006149999999999999, 0.012000000000000021, 0.007949999999999999, 0.0019499999999999997], "C23R4": [3.168e-05, 0.0013238400000000006, 0.007594079999999994, 0.00839207999999999, 0.004674239999999997], "C302R0": [0.0, 0.00103776, 0.004980240000000001, 0.005140079999999999, 0.0028324800000000022], "C209R6": [0.0, 0.00138072, 0.002982720000000001, 0.003216000000000002, 0.0022713600000000013], "C315R6": [3.96e-05, 0.0010224, 0.004463280000000001, 0.006413519999999997, 0.004180320000000002], "C23R5": [0.00045, 0.005399999999999999, 0.02085000000000007, 0.014850000000000037, 0.0014999999999999998], "C419R0": [0.0, 0.0003724799999999999, 0.002868240000000002, 0.004256400000000001, 0.004274879999999998], "C410R6": [0.0, 5.568000000000001e-05, 0.00039624, 0.00041232000000000004, 0.00034056000000000006], "C202R6": [0.0008999999999999999, 0.012450000000000024, 0.016800000000000048, 0.007649999999999999, 0.005699999999999999], "C210R6": [0.0, 0.0017755200000000011, 0.00422112, 0.005299919999999995, 0.0036463200000000045], "C12R4": [0.0, 6.36e-05, 0.00039648, 0.00062664, 0.00042096], "C210R0": [0.00022248000000000002, 0.0012924000000000004, 0.005432639999999999, 0.0036453600000000016, 0.0026133600000000025], "C203R6": [7.92e-05, 0.0013557600000000008, 0.0029690400000000005, 0.002905440000000002, 0.0022641600000000007], "C308R6": [0.0, 7.128000000000001e-05, 0.0007070400000000001, 0.0010159199999999998, 0.0007142399999999999], "C22R1": [0.0003, 0.00465, 0.013800000000000031, 0.007949999999999999, 0.0007499999999999999], "C22R4": [6.336e-05, 0.00117288, 0.0036628800000000007, 0.005506319999999999, 0.002288160000000001], "C8R4": [0.0, 0.00017423999999999999, 0.0008716799999999998, 0.00112656, 0.00080136], "C22R2": [0.0, 0.0013152000000000003, 0.0041232, 0.0050762399999999975, 0.0023668800000000018], "C20R3": [3.96e-05, 0.00020616, 0.0021175200000000016, 0.002516400000000002, 0.0009050399999999999], "C418R6": [0.0, 0.00032520000000000004, 0.0019099200000000018, 0.002925120000000001, 0.0019975200000000018], "C420R6": [0.0, 0.00034056, 0.004056960000000002, 0.006721679999999994, 0.003980160000000002], "C1R2": [0.0, 0.0017740800000000017, 0.006730319999999995, 0.006899279999999995, 0.003381840000000005],