{"C209R6": [12.669699668884277, -38.99330139160156, -58.0], "C14R1": [-98.52439880371094, -26.399499893188477, 46.220001220703125], "C21R3": [51.0, -88.33460235595703, 0.0], "C414R6": [-48.78620147705078, -67.14839935302734, 58.0], "C8R3": [-26.399499893188477, 98.52439880371094, 0.0], "C208R6": [-12.669699668884277, -38.99330139160156, -58.0], "C18R3": [-26.399499893188477, -98.52439880371094, 0.0], "C210R6": [33.169700622558594, -24.099199295043945, -58.0], "C206R6": [-41.0, -8.50000018287611e-12, -58.0], "C24R5": [98.52439880371094, -26.399499893188477, -46.220001220703125], "C308R6": [-60.645198822021484, 12.89050006866455, -58.0], "C12R4": [-98.52439880371094, 26.399499893188477, -23.110000610351562], "C304R6": [19.159099578857422, 58.96549987792969, -58.0], "C205R0": [-33.169700622558594, 24.099199295043945, 58.0], "C101R0": [20.0, 0.0, 58.0], "C16R5": [-72.1249008178711, -72.1249008178711, -46.220001220703125], "C3R4": [88.33460235595703, 51.0, -23.110000610351562], "C311R6": [-31.0, -53.693599700927734, -58.0], "C409R0": [-67.14839935302734, 48.78620147705078, -58.0], "C413R0": [-67.14839935302734, -48.78620147705078, -58.0], "C8R2": [-26.399499893188477, 98.52439880371094, 23.110000610351562], "C105R0": [6.180339813232422, -19.021099090576172, 58.0], "C303R0": [41.48609924316406, 46.07500076293945, 58.0], "C12R1": [-98.52439880371094, 26.399499893188477, 46.220001220703125], "C309R6": [-60.645198822021484, -12.89050006866455, -58.0], "C104R6": [-16.180299758911133, -11.75570011138916, -58.0], "C203R6": [12.669699668884277, 38.99330139160156, -58.0], "C22R4": [72.1249008178711, -72.1249008178711, -23.110000610351562], "C315R0": [56.639801025390625, -25.21769905090332, 58.0], "C5R2": [51.0, 88.33460235595703, 23.110000610351562], "C201R6": [41.0, 0.0, -58.0], "C12R5": [-98.52439880371094, 26.399499893188477, -46.220001220703125], "C19R3": [3.1700000263645833e-11, -102.0, 0.0], "C19R4": [3.1700000263645833e-11, -102.0, -23.110000610351562], "C23R3": [88.33460235595703, -51.0, 0.0], "C11R4": [-88.33460235595703, 51.0, -23.110000610351562], "C24R2": [98.52439880371094, -26.399499893188477, 23.110000610351562], "C202R0": [33.169700622558594, 24.099199295043945, 58.0], "C204R6": [-12.669699668884277, 38.99330139160156, -58.0], "C102R6": [6.180339813232422, 19.021099090576172, -58.0], "C4R1": [72.1249008178711, 72.1249008178711, 46.220001220703125], "C305R6": [-6.480760097503662, 61.660400390625, -58.0], "C402R6": [78.93769836425781, 25.648399353027344, 58.0], "C210R0": [33.169700622558594, -24.099199295043945, 58.0], "C103R6": [-16.180299758911133, 11.75570011138916, -58.0], "C22R5": [72.1249008178711, -72.1249008178711, -46.220001220703125], "C11R1": [-88.33460235595703, 51.0, 46.220001220703125], "C202R6": [33.169700622558594, 24.099199295043945, -58.0], "C14R2": [-98.52439880371094, -26.399499893188477, 23.110000610351562], "C4R3": [72.1249008178711, 72.1249008178711, 0.0], "C6R5": [26.399499893188477, 98.52439880371094, -46.220001220703125], "C313R6": [19.159099578857422, -58.96549987792969, -58.0], "C314R0": [41.48609924316406, -46.07500076293945, 58.0], "C21R4": [51.0, -88.33460235595703, -23.110000610351562], "C24R3": [98.52439880371094, -26.399499893188477, 0.0], "C7R3": [-1.0600000044380664e-11, 102.0, 0.0], "C208R0": [-12.669699668884277, -38.99330139160156, 58.0], "C15R5": [-88.33460235595703, -51.0, -46.220001220703125], "C9R3": [-51.0, 88.33460235595703, 0.0], "C15R1": [-88.33460235595703, -51.0, 46.220001220703125], "C104R0": [-16.180299758911133, -11.75570011138916, 58.0], "C15R2": [-88.33460235595703, -51.0, 23.110000610351562], "C16R4": [-72.1249008178711, -72.1249008178711, -23.110000610351562], "C4R2": [72.1249008178711, 72.1249008178711, 23.110000610351562], "C13R5": [-102.0, -2.110000021926517e-11, -46.220001220703125], "C2R1": [98.52439880371094, 26.399499893188477, 46.220001220703125], "C309R0": [-60.645198822021484, -12.89050006866455, 58.0], "C206R0": [-41.0, -8.50000018287611e-12, 58.0], "C204R0": [-12.669699668884277, 38.99330139160156, 58.0], "C10R3": [-72.1249008178711, 72.1249008178711, 0.0], "C102R0": [6.180339813232422, 19.021099090576172, 58.0], "C1R5": [102.0, 0.0, -46.220001220703125], "C2R3": [98.52439880371094, 26.399499893188477, 0.0], "C1R1": [102.0, 0.0, 46.220001220703125], "C7R2": [-1.0600000044380664e-11, 102.0, 23.110000610351562], "C21R2": [51.0, -88.33460235595703, 23.110000610351562], "C19R2": [3.1700000263645833e-11, -102.0, 23.110000610351562], "C207R6": [-33.169700622558594, -24.099199295043945, -58.0], "C311R0": [-31.0, -53.693599700927734, 58.0], "C5R4": [51.0, 88.33460235595703, -23.110000610351562], "C18R5": [-26.399499893188477, -98.52439880371094, -46.220001220703125], "C17R5": [-51.0, -88.33460235595703, -46.220001220703125], "C203R0": [12.669699668884277, 38.99330139160156, 58.0], "C103R0": [-16.180299758911133, 11.75570011138916, 58.0], "C404R6": [48.78620147705078, 67.14839935302734, 58.0], "C302R6": [56.639801025390625, 25.21769905090332, -58.0], "C105R6": [6.180339813232422, -19.021099090576172, -58.0], "C15R4": [-88.33460235595703, -51.0, -23.110000610351562], "C315R6": [56.639801025390625, -25.21769905090332, -58.0], "C1R2": [102.0, 0.0, 23.110000610351562], "C17R4": [-51.0, -88.33460235595703, -23.110000610351562], "C405R0": [25.648399353027344, 78.93769836425781, -58.0], "C2R2": [98.52439880371094, 26.399499893188477, 23.110000610351562], "C13R3": [-102.0, -2.110000021926517e-11, 0.0], "C12R2": [-98.52439880371094, 26.399499893188477, 23.110000610351562], "C9R2": [-51.0, 88.33460235595703, 23.110000610351562], "C10R4": [-72.1249008178711, 72.1249008178711, -23.110000610351562], "C308R0": [-60.645198822021484, 12.89050006866455, 58.0], "C13R4": [-102.0, -2.110000021926517e-11, -23.110000610351562], "C418R6": [48.78620147705078, -67.14839935302734, 58.0], "C10R5": [-72.1249008178711, 72.1249008178711, -46.220001220703125], "C9R4": [-51.0, 88.33460235595703, -23.110000610351562], "C209R0": [12.669699668884277, -38.99330139160156, 58.0], "C201R0": [41.0, 0.0, 58.0], "C1R4": [102.0, 0.0, -23.110000610351562], "C20R2": [26.399499893188477, -98.52439880371094, 23.110000610351562], "C18R1": [-26.399499893188477, -98.52439880371094, 46.220001220703125], "C18R4": [-26.399499893188477, -98.52439880371094, -23.110000610351562], "C17R2": [-51.0, -88.33460235595703, 23.110000610351562], "C313R0": [19.159099578857422, -58.96549987792969, 58.0], "C301R0": [62.0, 0.0, 58.0], "C16R1": [-72.1249008178711, -72.1249008178711, 46.220001220703125], "C2R4": [98.52439880371094, 26.399499893188477, -23.110000610351562], "C304R0": [19.159099578857422, 58.96549987792969, 58.0], "C8R5": [-26.399499893188477, 98.52439880371094, -46.220001220703125], "C10R2": [-72.1249008178711, 72.1249008178711, 23.110000610351562], "C101R6": [20.0, 0.0, -58.0], "C17R1": [-51.0, -88.33460235595703, 46.220001220703125], "C314R6": [41.48609924316406, -46.07500076293945, -58.0], "C3R5": [88.33460235595703, 51.0, -46.220001220703125], "C303R6": [41.48609924316406, 46.07500076293945, -58.0], "C16R3": [-72.1249008178711, -72.1249008178711, 0.0], "C14R4": [-98.52439880371094, -26.399499893188477, -23.110000610351562], "C13R2": [-102.0, -2.110000021926517e-11, 23.110000610351562], "C6R4": [26.399499893188477, 98.52439880371094, -23.110000610351562], "C406R6": [-8.60000005237227e-12, 83.0, 58.0], "C1R3": [102.0, 0.0, 0.0], "C403R0": [67.14839935302734, 48.78620147705078, -58.0], "C302R0": [56.639801025390625, 25.21769905090332, 58.0], "C411R0": [-83.0, -1.720000010474454e-11, -58.0], "C17R3": [-51.0, -88.33460235595703, 0.0], "C20R3": [26.399499893188477, -98.52439880371094, 0.0], "C5R5": [51.0, 88.33460235595703, -46.220001220703125], "C7R4": [-1.0600000044380664e-11, 102.0, -23.110000610351562], "C24R1": [98.52439880371094, -26.399499893188477, 46.220001220703125], "C11R3": [-88.33460235595703, 51.0, 0.0], "C306R6": [-31.0, 53.693599700927734, -58.0], "C207R0": [-33.169700622558594, -24.099199295043945, 58.0],