{"C21R3": [0.0, 2.4000000000000004e-05, 0.00032760000000000005, 0.0019595999999999984, 0.004383600000000005], "C17R3": [0.0, 0.0, 0.0002796000000000001, 0.0017279999999999986, 0.0033996000000000074], "C203R6": [0.0, 0.00014400000000000003, 0.0018479999999999983, 0.006327599999999982, 0.01148759999999992], "C8R2": [0.0, 0.0, 0.0, 0.0, 0.0], "C204R0": [0.0, 0.0, 0.0, 0.0, 0.00015], "C208R0": [0.0, 0.00011160000000000002, 0.0020075999999999983, 0.0073991999999999695, 0.011055599999999926], "C103R0": [0.0, 0.0005436, 0.005119199999999996, 0.015511199999999874, 0.020950799999999815], "C207R0": [0.0, 0.00012000000000000002, 0.0017279999999999986, 0.0067835999999999765, 0.011455199999999922], "C15R4": [0.0, 2.4000000000000004e-05, 0.0002640000000000001, 0.0013595999999999999, 0.0033120000000000063], "C15R1": [0.0, 0.0, 9.600000000000002e-05, 0.0007440000000000004, 0.0017519999999999986], "C409R0": [0.0, 0.0, 4.800000000000001e-05, 0.00047999999999999996, 0.0013199999999999998], "C101R0": [0.0, 0.0, 0.0, 0.0, 0.0], "C302R0": [0.0, 0.0, 0.00030360000000000006, 0.001967999999999998, 0.005079599999999997], "C308R0": [0.0, 2.4000000000000004e-05, 0.00028800000000000006, 0.0020879999999999987, 0.003759600000000009], "C24R2": [0.0, 0.0, 0.0, 0.0, 0.0], "C5R2": [0.0, 0.0, 0.00019200000000000006, 0.0013919999999999996, 0.0034800000000000074], "C19R1": [0.0, 0.0, 9.600000000000002e-05, 0.0007200000000000004, 0.0019115999999999983], "C102R0": [0.0, 0.0005520000000000001, 0.0053831999999999925, 0.01504799999999988, 0.02143799999999981], "C11R4": [0.0, 0.0, 0.0002640000000000001, 0.0013271999999999997, 0.0036240000000000083], "C7R4": [0.0, 3.96e-05, 0.00019200000000000006, 0.0013919999999999996, 0.003751200000000009], "C19R3": [0.0, 2.4000000000000004e-05, 0.0002640000000000001, 0.0018239999999999984, 0.0044640000000000036], "C105R6": [0.0, 0.0006396000000000003, 0.004863599999999998, 0.016183199999999866, 0.0215915999999998], "C102R6": [2.4000000000000004e-05, 0.000528, 0.004863599999999999, 0.015351599999999877, 0.02286239999999979], "C17R2": [0.0, 0.0, 0.00019200000000000006, 0.0013919999999999996, 0.002952000000000004], "C207R6": [0.0, 0.00019200000000000006, 0.0019991999999999987, 0.0063515999999999816, 0.01159199999999992], "C308R6": [0.0, 0.0, 0.00036, 0.001991999999999998, 0.004919999999999998], "C402R6": [0.0, 0.0, 4.800000000000001e-05, 0.0005520000000000001, 0.001559999999999999], "C14R1": [0.0, 0.0, 0.0, 0.0, 0.00015], "C311R6": [0.0, 2.4000000000000004e-05, 0.000432, 0.0018155999999999986, 0.004488000000000003], "C20R2": [0.0, 0.0, 0.0, 0.0, 0.0], "C6R5": [0.0, 2.4000000000000004e-05, 7.200000000000002e-05, 0.0009276000000000006, 0.0022955999999999996], "C412R6": [0.0, 0.0, 0.0, 0.000432, 0.0012959999999999998], "C12R5": [0.0, 0.0, 4.800000000000001e-05, 0.0005520000000000001, 0.0017999999999999984], "C206R0": [2.4000000000000004e-05, 0.00013560000000000002, 0.002111999999999999, 0.006551999999999979, 0.011703599999999918], "C105R0": [2.4000000000000004e-05, 0.00047999999999999996, 0.005095199999999996, 0.015495599999999873, 0.02349599999999978], "C24R4": [0.0, 0.0, 0.00031200000000000005, 0.0012636000000000001, 0.0033120000000000063], "C310R0": [0.0, 4.800000000000001e-05, 0.00032760000000000005, 0.002055599999999999, 0.0042960000000000055], "C16R4": [0.0, 2.4000000000000004e-05, 4.800000000000001e-05, 0.0015431999999999991, 0.003615600000000008], "C202R6": [0.0, 0.0, 0.0, 0.0, 0.0], "C210R0": [0.0, 0.0003036, 0.002095199999999999, 0.00647159999999998, 0.012111599999999913], "C20R3": [0.0, 2.4000000000000004e-05, 0.000408, 0.0017915999999999984, 0.0041280000000000075], "C3R5": [0.0, 0.0, 0.0, 0.0, 0.0], "C14R3": [0.0, 2.4000000000000004e-05, 0.00033600000000000004, 0.001991999999999998, 0.004320000000000005], "C7R3": [0.0, 0.0, 0.0003108, 0.0022079999999999995, 0.004656000000000001], "C23R5": [0.0, 0.0, 0.0, 0.0, 0.0], "C20R1": [0.0, 0.0, 0.00012000000000000002, 0.0006876000000000003, 0.002143199999999999], "C101R6": [2.4000000000000004e-05, 0.000408, 0.005167199999999996, 0.013775999999999894, 0.023439599999999783], "C1R4": [0.0, 0.0, 0.0, 0.0, 0.00015], "C12R3": [0.0, 0.0, 0.00014400000000000003, 0.0021035999999999993, 0.004248000000000006], "C201R0": [0.0, 0.00012000000000000002, 0.0022476, 0.007167599999999972, 0.011959199999999918], "C21R4": [0.0, 0.0, 0.0, 0.0, 0.0], "C11R3": [0.0, 2.4000000000000004e-05, 0.0002400000000000001, 0.0015515999999999993, 0.003768000000000009], "C104R6": [0.0, 0.0005676000000000001, 0.004943999999999998, 0.01530239999999988, 0.0219119999999998], "C5R5": [0.0, 0.0, 9.600000000000002e-05, 0.0008400000000000006, 0.002135999999999999], "C14R2": [0.0, 0.0, 0.00032760000000000005, 0.0015755999999999993, 0.003495600000000007], "C103R6": [0.0, 0.0, 0.0, 0.0, 0.00015], "C306R0": [0.0, 0.0, 0.000528, 0.0018395999999999983, 0.004512000000000003], "C19R4": [0.0, 0.0, 0.00019200000000000006, 0.0014879999999999993, 0.003310800000000006], "C204R6": [0.0, 0.00014400000000000003, 0.0018719999999999982, 0.0067835999999999765, 0.011087999999999926], "C314R0": [0.0, 2.4000000000000004e-05, 0.00021600000000000007, 0.0023196, 0.004272000000000006], "C22R4": [0.0, 2.4000000000000004e-05, 0.00015960000000000003, 0.0014159999999999995, 0.0031440000000000053], "C16R3": [0.0, 0.0, 0.0002640000000000001, 0.002119199999999999, 0.004087200000000008], "C205R6": [0.0, 2.4000000000000004e-05, 0.001919999999999998, 0.00651959999999998, 0.011423999999999922], "C202R0": [0.0, 0.00018360000000000004, 0.0020795999999999983, 0.007767599999999964, 0.01156799999999992], "C307R6": [0.0, 0.0, 0.0, 0.0, 0.0], "C406R6": [0.0, 0.0, 4.800000000000001e-05, 0.0005760000000000001, 0.0013919999999999996], "C17R4": [0.0, 0.0, 0.0, 0.0, 0.0], "C23R1": [0.0, 0.0, 9.600000000000002e-05, 0.0006720000000000003, 0.0021275999999999995], "C314R6": [0.0, 0.0, 0.0, 0.0, 0.0], "C2R2": [0.0, 0.0, 0.00021600000000000007, 0.0017039999999999987, 0.0035676000000000084], "C13R4": [0.0, 0.0, 0.0, 0.0, 0.0], "C17R1": [0.0, 2.4000000000000004e-05, 7.200000000000002e-05, 0.00047999999999999996, 0.0018071999999999984], "C13R5": [0.0, 2.4000000000000004e-05, 9.600000000000002e-05, 0.000504, 0.0020639999999999986], "C104R0": [0.0, 0.0, 0.0, 0.0, 0.0], "C309R6": [0.0, 4.800000000000001e-05, 0.0002400000000000001, 0.0022319999999999996, 0.004335600000000005], "C209R0": [0.0, 0.0, 0.0, 0.0, 0.0], "C3R2": [0.0, 0.0, 9.600000000000002e-05, 0.0017039999999999987, 0.003303600000000006], "C4R2": [0.0, 0.0, 0.0, 0.0, 0.0], "C209R6": [0.0, 0.00014400000000000003, 0.0020075999999999987, 0.007431599999999968, 0.011279999999999924], "C417R0": [0.0, 0.0, 0.0, 0.0, 0.0], "C303R0": [0.0, 2.4000000000000004e-05, 0.0005520000000000001, 0.001919999999999998, 0.003999600000000009], "C208R6": [0.0, 0.00021600000000000007, 0.0014639999999999994, 0.006687599999999978, 0.011887199999999917], "C9R4": [0.0, 0.0, 0.0, 0.0, 0.0], "C19R5": [0.0, 0.0, 0.0, 0.0, 0.0], "C201R6": [3.96e-05, 0.00019200000000000006, 0.0018155999999999984, 0.007399199999999969, 0.011399999999999922], "C8R5": [0.0, 0.0, 2.4000000000000004e-05, 0.0006636000000000003, 0.001583999999999999], "C2R4": [0.0, 0.0, 0.0002640000000000001, 0.0013356, 0.0030000000000000044], "C12R4": [0.0, 3.96e-05, 0.00033600000000000004, 0.0013919999999999996, 0.0033756000000000072], "C23R4": [0.0, 0.0, 0.0002400000000000001, 0.0012156, 0.0041280000000000075], "C18R3": [0.0, 0.0, 0.000408, 0.0017675999999999985, 0.0041676000000000065], "C10R2": [0.0, 0.0, 0.00020760000000000006, 0.0015275999999999994, 0.0031440000000000053], "C313R0": [0.0, 4.800000000000001e-05, 0.00033600000000000004, 0.0020711999999999987, 0.004455600000000003], "C310R6": [0.0, 3.96e-05, 0.0002640000000000001, 0.0017111999999999989, 0.004327200000000005], "C203R0": [0.0, 0.00014400000000000003, 0.0020159999999999983, 0.007055999999999973, 0.011926799999999916], "C4R3": [0.0, 0.0, 0.00035160000000000004, 0.0021347999999999996, 0.004375200000000005],