{"C11R1": [0.0, 7.200000000000002e-05, 0.0016691999999999985, 0.012916799999999907, 0.03496560000000018], "C4R5": [0.0, 0.0, 0.0013991999999999997, 0.013724399999999899, 0.03560280000000027], "C105R6": [0.00021480000000000002, 0.010708799999999935, 0.09645359999999857, 0.2798772000000043, 0.39684600000012105], "C13R5": [0.0, 0.0, 0.0016931999999999989, 0.0135983999999999, 0.035965200000000315], "C104R0": [0.0, 0.0007499999999999999, 0.00045, 0.00045, 0.0006], "C15R5": [0.0, 0.0, 0.00015, 0.00015, 0.0003], "C102R0": [9.600000000000002e-05, 0.010370399999999934, 0.09622439999999866, 0.2772528000000016, 0.39761280000012167], "C101R0": [0.0, 0.0, 0.0008999999999999999, 0.00015, 0.00045], "C204R6": [0.0, 0.0018395999999999983, 0.03673200000000042, 0.12658439999999385, 0.2126987999999804], "C314R0": [0.0, 0.00047039999999999994, 0.007340399999999972, 0.03844440000000065, 0.07894920000000126], "C202R6": [0.0, 0.0, 0.0003, 0.0007499999999999999, 0.0007499999999999999], "C10R4": [0.0, 9.600000000000002e-05, 0.004429200000000003, 0.02742599999999975, 0.05894160000000335], "C2R2": [0.0, 0.00015960000000000003, 0.0034236000000000075, 0.02810999999999973, 0.06029280000000353], "C204R0": [0.0, 0.00015, 0.0007499999999999999, 0.00015, 0.00045], "C208R0": [2.4000000000000004e-05, 0.0028056000000000023, 0.0350256000000002, 0.125830799999994, 0.21652079999997983], "C18R5": [0.0, 4.800000000000001e-05, 0.0016127999999999989, 0.0138035999999999, 0.03534120000000023], "C24R3": [0.0, 0.00035160000000000004, 0.006004799999999985, 0.035332800000000227, 0.07248480000000229], "C403R0": [0.0, 2.4000000000000004e-05, 0.0008952000000000006, 0.009238799999999948, 0.027021599999999743], "C14R2": [0.0, 0.0003588, 0.003966000000000009, 0.025939199999999763, 0.06328440000000368], "C12R5": [0.0, 4.800000000000001e-05, 0.001647599999999999, 0.013821599999999894, 0.035635200000000276], "C4R4": [0.0, 0.00026280000000000005, 0.004222800000000006, 0.027979199999999736, 0.0617868000000037], "C408R6": [0.0, 3.96e-05, 0.0009180000000000004, 0.008723999999999956, 0.02531039999999976], "C205R0": [2.4000000000000004e-05, 0.002949600000000003, 0.03664560000000039, 0.12635879999999391, 0.21404039999998026], "C16R4": [0.0, 9.600000000000002e-05, 0.004213200000000006, 0.02489279999999977, 0.06339600000000367], "C24R2": [0.0, 0.0, 0.00015, 0.00045, 0.00015], "C314R6": [0.0, 0.0, 0.0, 0.00045, 0.0], "C2R3": [0.0, 0.0002952, 0.005461199999999992, 0.03418800000000008, 0.074386800000002], "C18R4": [0.0, 0.00011160000000000002, 0.004124400000000009, 0.025790399999999755, 0.06245400000000383], "C208R6": [2.4000000000000004e-05, 0.0030360000000000057, 0.0343296000000001, 0.12453119999999418, 0.21227399999998048], "C17R5": [0.0, 4.800000000000001e-05, 0.0017423999999999988, 0.013741199999999898, 0.03445440000000011], "C23R5": [0.0, 0.0, 0.0003, 0.0003, 0.0003], "C8R5": [0.0, 0.0, 0.0017027999999999989, 0.013173599999999903, 0.033836400000000044], "C21R3": [0.0, 0.0002400000000000001, 0.006062399999999983, 0.035100000000000194, 0.07462080000000192], "C104R6": [0.00011160000000000002, 0.009716399999999943, 0.09591119999999866, 0.27472079999999927, 0.3959004000001196], "C19R3": [0.0, 0.00018360000000000004, 0.005485199999999992, 0.03504360000000019, 0.07454760000000195], "C105R0": [0.00014400000000000003, 0.011386799999999928, 0.09530879999999879, 0.27186839999999646, 0.4004172000001244], "C103R0": [4.800000000000001e-05, 0.010985999999999939, 0.09914639999999819, 0.27538799999999974, 0.39856560000012237], "C411R0": [0.0, 0.0, 0.0009264000000000005, 0.009892799999999941, 0.026140799999999756], "C8R4": [0.0, 7.200000000000002e-05, 0.003614400000000008, 0.02737199999999974, 0.06173160000000372], "C308R6": [0.0, 0.0002796, 0.006854399999999975, 0.038299200000000616, 0.0791220000000012], "C17R1": [0.0, 3.96e-05, 0.0013823999999999998, 0.012916799999999905, 0.03622320000000035], "C307R0": [0.0, 0.00033600000000000004, 0.00764039999999997, 0.037830000000000565, 0.07651560000000165], "C19R5": [0.0, 0.0, 0.00015, 0.00015, 0.0003], "C7R2": [0.0, 0.00016800000000000004, 0.004012800000000009, 0.025587599999999763, 0.061683600000003704], "C312R6": [0.0, 0.0003348, 0.0067667999999999765, 0.040354800000000884, 0.08066040000000098], "C210R6": [2.4000000000000004e-05, 0.002917200000000004, 0.03687480000000045, 0.12385799999999426, 0.21556319999997997], "C203R0": [0.0, 0.002574000000000001, 0.03622320000000032, 0.12292799999999444, 0.21463319999998012], "C207R0": [0.0, 0.002238, 0.03519960000000022, 0.1271675999999938, 0.21527399999998], "C21R1": [0.0, 2.4000000000000004e-05, 0.0018383999999999987, 0.013515599999999902, 0.03615840000000035], "C3R5": [0.0, 0.0, 0.00015, 0.0003, 0.00045], "C311R6": [0.0, 0.0003504, 0.0070847999999999745, 0.037155600000000476, 0.08022840000000105], "C21R4": [0.0, 0.0, 0.00015, 0.0003, 0.00015], "C17R2": [0.0, 0.00027840000000000005, 0.004173600000000008, 0.02726639999999975, 0.06264240000000378], "C201R0": [0.0, 0.002557200000000001, 0.035377200000000227, 0.12610439999999395, 0.21084119999998074], "C18R2": [0.0, 7.200000000000002e-05, 0.0037260000000000075, 0.026245199999999753, 0.06093360000000361], "C9R3": [0.0, 0.00019200000000000006, 0.005284799999999993, 0.03391440000000005, 0.07557240000000179], "C14R5": [0.0, 6.36e-05, 0.0011988000000000003, 0.013045199999999906, 0.03547680000000025], "C301R0": [0.0, 0.0, 0.0006, 0.0003, 0.0], "C102R6": [9.600000000000002e-05, 0.00994079999999994, 0.09743879999999838, 0.27273959999999714, 0.39671760000012063], "C206R0": [0.0, 0.0026688000000000024, 0.034032000000000055, 0.12329879999999437, 0.21390599999998022], "C312R0": [0.0, 0.00032760000000000005, 0.007100399999999973, 0.039084000000000736, 0.07987800000000111], "C19R1": [0.0, 0.0, 0.001469999999999999, 0.012766799999999906, 0.03635760000000037], "C103R6": [0.0, 0.0003, 0.00045, 0.0006, 0.0006], "C307R6": [0.0, 0.0, 0.00015, 0.00045, 0.0003], "C15R4": [0.0, 0.00012000000000000002, 0.00399000000000001, 0.02546879999999976, 0.060028800000003504], "C305R6": [3.96e-05, 0.0003996, 0.007196399999999972, 0.03832440000000063, 0.07936560000000119], "C10R3": [0.0, 0.00013560000000000002, 0.005588399999999992, 0.03328319999999995, 0.07433280000000199], "C206R6": [0.0, 0.0026376000000000034, 0.035337600000000226, 0.1230275999999944, 0.21695639999997973], "C207R6": [0.0, 0.0023256000000000006, 0.03326039999999996, 0.11969159999999492, 0.21290519999998042], "C8R3": [0.0, 0.00015960000000000003, 0.005429999999999993, 0.03400440000000005, 0.07411680000000201], "C203R6": [0.0, 0.002822400000000004, 0.0357864000000003, 0.12592559999999398, 0.21532799999998006], "C209R6": [0.0, 0.0022464, 0.034827600000000174, 0.1251767999999941, 0.21599639999997985], "C2R1": [0.0, 0.0, 0.0, 0.0007499999999999999, 0.0], "C209R0": [0.0, 0.0, 0.00045, 0.00045, 0.0003], "C306R6": [0.0, 0.0003744, 0.007492799999999968, 0.03806640000000059, 0.08018760000000107], "C6R2": [0.0, 9.600000000000002e-05, 0.004159200000000007, 0.027051599999999752, 0.06035760000000354], "C101R6": [0.0002400000000000001, 0.00990839999999994, 0.09696959999999849, 0.2781444000000028, 0.3989112000001232], "C11R3": [0.0, 0.00017520000000000003, 0.006157199999999985, 0.0343716000000001, 0.07396560000000205], "C14R1": [0.0, 0.0, 0.0007499999999999999, 0.00015, 0.00015], "C23R3": [0.0, 0.0003432, 0.006100799999999983, 0.033172799999999954, 0.07338120000000212], "C309R6": [0.0, 0.00015960000000000003, 0.006412799999999981, 0.03952440000000078, 0.08028360000000107], "C315R6": [0.0, 0.0003996, 0.0069743999999999735, 0.03675600000000042, 0.08099520000000096], "C12R2": [0.0, 0.0, 0.0, 0.00015, 0.0], "C313R0": [0.0, 0.00047879999999999993, 0.0071423999999999715, 0.03783600000000056, 0.07971600000000113], "C304R0": [0.0, 0.00030360000000000006, 0.007099199999999975, 0.037442400000000514, 0.08005320000000109], "C10R1": [0.0, 0.00015, 0.0006, 0.0007499999999999999, 0.00015], "C9R4": [0.0, 0.0, 0.00015, 0.00045, 0.0003], "C4R2": [0.0, 0.00015, 0.0, 0.00015, 0.00045],